Date,Open,High,Low,Close,Volume
2010/1/4,428,428,415.5,416,1026000
2010/1/5,419,420,407,408.5,1670000
2010/1/6,410,416.5,407.5,407.5,1728000
2010/1/7,408,411,401,401,1411000
2010/1/8,401,403.5,395.5,397.5,1433000
2010/1/11,399,403,398,399,1197000
2010/1/12,401,404,399.5,402,676000
2010/1/13,401,406,399,400,914000
2010/1/14,403,412,400,410,1811000
2010/1/15,413,422,412,417,3310000
2010/1/18,415,428,414,425,2169000
2010/1/19,425,425,407,407,2428000
2010/1/20,410,416,409.5,413.5,1487000
2010/1/21,413.5,413.5,408,409,805000
2010/1/22,407,407,398.5,403.5,1196000
2010/1/25,401,412,401,408.5,1083000
2010/1/26,406,412.5,390,391,1769000
2010/1/27,393,401.5,388,399.5,1419000
2010/1/28,402,420,402,417,2377000
2010/1/29,412,421,407,417,1495000
2010/2/1,418,422,404,407.5,885000
2010/2/2,412,415.5,402,413,975000
2010/2/3,420,430,417,426,3355000
2010/2/4,426,439.5,426,430,2407000
2010/2/5,418.5,425.5,407,413,2023000
2010/2/8,412,414.5,405,412,1127000
2010/2/9,410,414,405,409,1217000
2010/2/10,411,422,411,414,1041000
2010/2/22,421,421,414.5,419,708000
2010/2/23,419.5,429.5,416,429.5,1036000
2010/2/24,428,428.5,421,421,745000
2010/2/25,423,426.5,418,418.5,912000
2010/2/26,418.5,424,405.5,413.5,994000
2010/3/1,410,424,408,423,817000
2010/3/2,424,427,419,423.5,754000
2010/3/3,424,426,420.5,424,469000
2010/3/4,425,430,421.5,421.5,875000
2010/3/5,423,428,421.5,421.5,628000
2010/3/8,421.5,429,417,429,1695000
2010/3/9,429,430.5,426,427,592000
2010/3/10,429.5,442,429,438,1565000
2010/3/11,442,443,433,434,869000
2010/3/12,437,437,431.5,436,330000
2010/3/15,434,442,432,441.5,769000
2010/3/16,442,445,438.5,445,888000
2010/3/17,448,449,438,442,931000
2010/3/18,442,454.5,440.5,450,1523000
2010/3/19,450,454,445,449,463000
2010/3/22,449,449,443,445.5,256000
2010/3/23,445.5,448.5,439,446,868000
2010/3/24,446,448,441.5,442,350000
2010/3/25,442,443,433,434,740000
2010/3/26,435,448,432,440,981000
2010/3/29,445,449,442,442.5,648000
2010/3/30,444,463.5,444,456,1987000
2010/3/31,458,487,455,477.5,2057000
2010/4/1,480,495,480,480.5,2058000
2010/4/2,487,488,474,477,971000
2010/4/6,485,510,485,506,1897000
2010/4/7,505,505,490,492,1250000
2010/4/8,492,495.5,465,478.5,1841000
2010/4/9,481,487.5,470,487,635000
2010/4/12,492,495,475,481,1139000
2010/4/13,475,485,475,475.5,868000
2010/4/14,481.5,493,481.5,490,1438000
2010/4/15,494.5,503,492.5,493,1457000
2010/4/16,497,499.5,490,499,658000
2010/4/19,494,507,491.5,500,1628000
2010/4/20,507,512,492,492,1532000
2010/4/21,499,502,479,487,1663000
2010/4/22,487,498,485,498,942000
2010/4/23,532,532,512,514,3406000
2010/4/26,518,521,512,515,1223000
2010/4/27,515,520,515,520,450000
2010/4/28,513,518,512,517,697000
2010/4/29,525,525,518,518,966000
2010/4/30,520,535,520,520,1476000
2010/5/3,520,528,520,525,505000
2010/5/4,518,525,508,517,1313000
2010/5/5,506,506,482,483,2597000
2010/5/6,485.5,498,485.5,489,2066000
2010/5/7,470,515,470,514,2256000
2010/5/10,513,525,510,517,1541000
2010/5/11,519,523,506,506,1038000
2010/5/12,515,516,495,495.5,999000
2010/5/13,504,509,498,509,947000
2010/5/14,506,519,506,515,953000
2010/5/17,510,523,508,512,873000
2010/5/18,515,516,505,508,742000
2010/5/19,503,507,490,495,1383000
2010/5/20,495,503,481,481,1211000
2010/5/21,475,478,460,471.5,1320000
2010/5/24,473,484.5,473,484,705000
2010/5/25,480,493,478,480.5,1646000
2010/5/26,491,498.5,481.5,481.5,2076000
2010/5/27,478,489,478,486.5,1276000
2010/5/28,494,520,493.5,514,2467000
2010/5/31,517,535,517,530,2115000
2010/6/1,531,533,523,523,937000
2010/6/2,518,532,514,518,1315000
2010/6/3,525,530,524,527,843000
2010/6/4,530,540,526,526,1069000
2010/6/7,517,523,514,518,1377000
2010/6/8,518,519,511,516,1189000
2010/6/9,514,519,485,503,2061000
2010/6/10,494,511,494,505,801000
2010/6/11,515,523,513,520,1205000
2010/6/14,524,525,516,524,711000
2010/6/15,526,526,520,525,423000
2010/6/17,525,525,513,513,909000
2010/6/18,513,532,513,525,1333000
2010/6/21,533,538,528,533,992000
2010/6/22,533,537,528,533,458000
2010/6/23,533,537,530,531,374000
2010/6/24,530,544,529,540,1034000
2010/6/25,535,539,529,531,902000
2010/6/28,531,537,524,525,361000
2010/6/29,529,537,529,529,769000
2010/6/30,526,526,515,516,830000
2010/7/1,516,522,516,520,148000
2010/7/2,518,526,511,512,550000
2010/7/5,512,547,512,547,1731000
2010/7/6,545,563,543,546,2107000
2010/7/7,549,575,544,569,1539000
2010/7/8,579,598,576,579,1283000
2010/7/9,579,590,566,568,716000
2010/7/12,568,581,565,568,808000
2010/7/13,572,600,572,588,1585000
2010/7/14,599,607,596,596,963000
2010/7/15,597,598,581,585,953000
2010/7/16,580,592,563,564,1189000
2010/7/19,561,576,556,556,1560000
2010/7/20,562,580,550,577,1926000
2010/7/21,583,590,561,561,1713000
2010/7/22,565,574,565,574,1031000
2010/7/23,581,602,581,599,2215000
2010/7/26,605,606,588,591,1263000
2010/7/27,595,602,587,587,923000
2010/7/28,591,594,583,583,537000
2010/7/29,580,614,580,614,1733000
2010/7/30,604,617,602,612,908000
2010/8/2,615,653,612,649,1725000
2010/8/3,648,648,604,604,1939000
2010/8/4,590,610,590,605,1600000
2010/8/5,605,620,600,613,1750000
2010/8/6,612,619,590,590,3154000
2010/8/9,590,599,587,587,1147000
2010/8/10,593,599,576,578,1174000
2010/8/11,575,583,562,563,1375000
2010/8/12,559,578,555,571,1803000
2010/8/13,575,581,571,573,1360000
2010/8/16,578,611,574,610,2623000
2010/8/17,609,613,602,606,1663000
2010/8/18,614,626,612,615,2376000
2010/8/19,620,622,600,600,1631000
2010/8/20,597,606,597,605,818000
2010/8/23,609,619,606,606,1259000
2010/8/24,618,620,600,600,1377000
2010/8/25,600,605,595,597,1244000
2010/8/26,600,612,595,598,1228000
2010/8/27,608,610,599,610,1202000
2010/8/30,618,620,609,615,801000
2010/8/31,611,613,572,578,1588000
2010/9/1,582,605,582,604,1239000
2010/9/2,614,622,611,613,2109000
2010/9/3,625,625,617,618,836000
2010/9/6,638,638,623,626,1214000
2010/9/7,635,635,626,630,987000
2010/9/8,629,630,620,625,627000
2010/9/9,628,648,628,634,1790000
2010/9/10,639,644,621,625,1182000
2010/9/13,633,668,628,668,2470000
2010/9/14,664,669,655,659,1809000
2010/9/15,659,659,641,646,1239000
2010/9/16,643,650,625,635,1177000
2010/9/17,636,650,635,635,1099000
2010/9/20,635,641,628,632,550000
2010/9/21,634,640,627,635,701000
2010/9/23,635,643,634,636,421000
2010/9/24,633,633,617,620,781000
2010/9/27,625,638,625,631,1073000
2010/9/28,628,629,594,604,2465000
2010/9/29,607,618,606,607,1260000
2010/9/30,607,614,593,595,1016000
2010/10/1,600,610,599,610,1227000
2010/10/4,608,613,590,594,780000
2010/10/5,594,598,583,594,927000
2010/10/6,612,614,602,607,952000
2010/10/7,607,608,595,600,748000
2010/10/8,601,606,596,601,707000
2010/10/11,602,605,598,598,456000
2010/10/12,596,602,580,581,856000
2010/10/13,576,580,541,543,3481000
2010/10/14,543,553,533,549,2450000
2010/10/15,549,549,538,540,1262000
2010/10/18,544,547,537,540,1400000
2010/10/19,541,563,541,560,1456000
2010/10/20,557,597,556,592,2334000
2010/10/21,595,618,595,607,2699000
2010/10/22,625,628,616,618,1928000
2010/10/25,618,619,609,610,965000
2010/10/26,608,620,602,602,1038000
2010/10/27,606,610,576,578,1873000
2010/10/28,579,618,579,617,2510000
2010/10/29,615,615,606,607,739000
2010/11/1,610,636,610,615,2073000
2010/11/2,621,622,611,611,773000
2010/11/3,611,621,600,602,1083000
2010/11/4,608,615,605,610,862000
2010/11/5,620,632,617,622,2249000
2010/11/8,621,621,606,608,1098000
2010/11/9,608,615,606,607,794000
2010/11/10,612,623,608,612,1125000
2010/11/11,613,620,603,605,962000
2010/11/12,603,611,601,603,988000
2010/11/15,603,607,600,604,660000
2010/11/16,606,617,601,610,948000
2010/11/17,606,614,603,606,752000
2010/11/18,610,612,603,605,526000
2010/11/19,606,614,606,610,1237000
2010/11/22,608,614,592,614,1469000
2010/11/23,615,617,604,605,952000
2010/11/24,600,610,599,605,554000
2010/11/25,605,615,604,608,1252000
2010/11/26,615,627,614,618,1840000
2010/11/29,621,659,614,653,2878000
2010/11/30,663,692,663,676,2840000
2010/12/1,682,689,674,679,1888000
2010/12/2,690,716,687,715,2596000
2010/12/3,724,765,715,733,2671000
2010/12/6,765,765,719,724,2087000
2010/12/7,724,732,695,700,2169000
2010/12/8,695,706,691,706,1912000
2010/12/9,710,715,693,696,1209000
2010/12/10,690,705,690,699,1134000
2010/12/13,700,709,700,705,947000
2010/12/14,705,707,694,698,1118000
2010/12/15,700,705,680,704,1414000
2010/12/16,704,704,685,685,1251000
2010/12/17,690,695,683,685,1139000
2010/12/20,685,691,683,690,485000
2010/12/21,695,715,690,715,2310000
2010/12/22,720,756,720,743,2891000
2010/12/23,747,751,735,735,1039000
2010/12/24,735,742,725,733,642000
2010/12/27,733,733,715,716,809000
2010/12/28,716,724,712,722,720000
2010/12/29,713,719,702,705,784000
2010/12/30,706,728,706,728,1024000
2010/12/31,728,736,725,725,735000
2011/1/3,735,743,733,734,873000
2011/1/4,739,753,734,745,1190000
2011/1/5,745,747,731,737,871000
2011/1/6,747,754,739,745,1065000
2011/1/7,745,756,741,750,991000
2011/1/10,750,799,747,785,1869000
2011/1/11,786,824,786,812,1584000
2011/1/12,820,835,794,794,1545000
2011/1/13,806,821,797,798,918000
2011/1/14,802,817,800,815,842000
2011/1/17,835,836,788,789,1603000
2011/1/18,775,804,774,795,1500000
2011/1/19,802,820,795,817,1779000
2011/1/20,800,801,771,771,4332000
2011/1/21,767,780,760,763,2566000
2011/1/24,771,775,763,763,993000
2011/1/25,770,795,770,782,2290000
2011/1/26,785,805,778,797,2402000
2011/1/27,805,816,791,791,1604000
2011/1/28,798,810,796,796,1335000
2011/2/8,816,816,770,774,1865000
2011/2/9,782,800,775,785,1216000
2011/2/10,786,798,775,775,990000
2011/2/11,777,784,740,754,1537000
2011/2/14,762,791,762,784,1376000
2011/2/15,784,795,775,794,1181000
2011/2/16,796,805,787,787,1272000
2011/2/17,792,800,783,785,694000
2011/2/18,792,799,786,797,1097000
2011/2/21,797,803,789,795,990000
2011/2/22,790,790,770,780,1273000
2011/2/23,760,776,745,755,1915000
2011/2/24,765,780,758,780,1297000
2011/2/25,785,820,777,811,3527000
2011/3/1,816,838,814,823,2371000
2011/3/2,822,834,815,825,1535000
2011/3/3,843,882,830,878,3361000
2011/3/4,885,889,852,854,3403000
2011/3/7,850,870,847,852,1188000
2011/3/8,845,851,839,845,1416000
2011/3/9,845,851,810,815,3332000
2011/3/10,806,813,798,801,1996000
2011/3/11,797,802,777,777,2383000
2011/3/14,774,793,752,791,2176000
2011/3/15,791,791,736,738,3134000
2011/3/16,746,767,740,765,2275000
2011/3/17,730,769,720,760,2486000
2011/3/18,770,795,770,782,2152000
2011/3/21,782,792,777,777,1088000
2011/3/22,789,808,787,793,1997000
2011/3/23,795,799,783,786,800000
2011/3/24,793,797,783,784,989000
2011/3/25,789,799,784,790,1160000
2011/3/28,786,793,775,779,766000
2011/3/29,778,786,769,773,816000
2011/3/30,773,790,773,788,904000
2011/3/31,799,799,787,796,838000
2011/4/1,803,850,799,842,2651000
2011/4/6,843,850,837,844,1446000
2011/4/7,852,864,847,847,1633000
2011/4/8,847,850,815,816,1720000
2011/4/11,827,850,822,850,1828000
2011/4/12,848,848,820,830,1116000
2011/4/13,831,842,826,836,1048000
2011/4/14,844,848,833,847,1419000
2011/4/15,853,872,851,852,2110000
2011/4/18,857,866,852,860,832000
2011/4/19,854,869,837,867,1597000
2011/4/20,888,903,881,899,2724000
2011/4/21,922,935,918,921,3188000
2011/4/22,925,930,918,926,1015000
2011/4/25,929,932,911,928,762000
2011/4/26,925,926,903,908,1206000
2011/4/27,915,919,907,913,916000
2011/4/28,919,926,915,917,674000
2011/4/29,918,925,907,909,678000
2011/5/3,917,917,872,889,1023000
2011/5/4,888,916,876,914,827000
2011/5/5,913,945,910,933,1710000
2011/5/6,933,941,908,910,1443000
2011/5/9,913,927,909,909,579000
2011/5/10,918,918,892,895,756000
2011/5/11,904,905,895,895,670000
2011/5/12,895,903,876,897,1158000
2011/5/13,889,903,885,895,1057000
2011/5/16,895,899,878,878,901000
2011/5/17,875,884,862,862,1373000
2011/5/18,865,878,860,862,914000
2011/5/19,869,902,867,892,1646000
2011/5/20,910,922,900,900,1113000
2011/5/23,890,909,885,909,947000
2011/5/24,909,916,895,898,828000
2011/5/25,891,895,883,888,1000000
2011/5/26,899,902,892,900,563000
2011/5/27,905,905,890,891,545000
2011/5/30,888,908,884,902,907000
2011/5/31,903,943,903,943,2687000
2011/6/1,941,995,938,985,2689000
2011/6/2,980,993,975,978,1612000
2011/6/3,978,997,975,980,1225000
2011/6/7,981,995,978,986,835000
2011/6/8,992,993,982,985,699000
2011/6/9,993,1005,988,988,1145000
2011/6/10,1000,1000,960,961,1522000
2011/6/13,960,960,928,938,1310000
2011/6/14,940,980,940,971,943000
2011/6/15,968,968,917,932,1835000
2011/6/16,906,916,898,898,1821000
2011/6/17,901,919,901,915,1869000
2011/6/20,914,920,890,900,1118000
2011/6/21,903,915,871,892,1439000
2011/6/22,926,926,910,912,1060000
2011/6/23,904,914,904,905,853000
2011/6/24,914,918,898,898,807000
2011/6/27,880,890,879,881,1143000
2011/6/28,899,924,895,910,1920000
2011/6/29,916,935,910,910,1891000
2011/6/30,917,923,909,920,816000
2011/7/1,930,980,929,977,1871000
2011/7/4,993,994,966,966,1855000
2011/7/5,978,978,960,960,905000
2011/7/6,978,1005,978,996,2870000
2011/7/7,995,995,965,966,1392000
2011/7/8,976,988,941,947,1895000
2011/7/11,954,967,948,956,1042000
2011/7/12,950,967,924,933,1339000
2011/7/13,936,955,930,940,1235000
2011/7/14,948,953,889,932,2786000
2011/7/15,930,932,905,916,1246000
2011/7/18,928,928,902,922,1122000
2011/7/19,912,964,908,958,1738000
2011/7/20,983,999,983,986,1936000
2011/7/21,986,990,976,983,570000
2011/7/22,996,997,981,981,840000
2011/7/25,980,980,963,963,602000
2011/7/26,967,1005,967,999,1740000
2011/7/27,998,1005,995,997,901000
2011/7/28,986,997,978,987,699000
2011/7/29,987,999,936,970,1156000
2011/8/1,995,999,982,998,588000
2011/8/2,998,1005,985,1005,717000
2011/8/3,970,1005,970,988,1153000
2011/8/4,985,998,934,934,2227000
2011/8/5,870,919,869,886,2593000
2011/8/8,886,906,882,892,2119000
2011/8/9,860,950,856,948,2098000
2011/8/10,969,974,948,948,1890000
2011/8/11,925,945,915,928,1357000
2011/8/12,947,948,886,886,1670000
2011/8/15,900,910,887,899,1066000
2011/8/16,902,910,862,862,1756000
2011/8/17,863,869,803,810,3416000
2011/8/18,809,841,786,834,3343000
2011/8/19,783,803,776,776,3274000
2011/8/22,776,780,722,724,3150000
2011/8/23,728,774,728,774,2224000
2011/8/24,780,810,774,774,2850000
2011/8/25,778,789,735,735,2463000
2011/8/26,738,777,738,774,2508000
2011/8/29,772,791,750,788,1668000
2011/8/30,803,843,801,843,2612000
2011/8/31,817,843,817,829,1062000
2011/9/1,840,867,840,843,1516000
2011/9/2,849,859,835,857,916000
2011/9/5,837,844,820,820,1068000
2011/9/6,820,834,763,763,3239000
2011/9/7,784,792,770,792,2110000
2011/9/8,799,814,784,785,2159000
2011/9/9,780,832,770,831,2488000
2011/9/13,826,826,785,789,1281000
2011/9/14,805,815,756,765,2146000
2011/9/15,794,794,776,780,1088000
2011/9/16,788,796,762,794,1745000
2011/9/19,794,798,778,779,562000
2011/9/20,780,795,768,778,1056000
2011/9/21,788,813,780,809,1783000
2011/9/22,797,797,765,766,1507000
2011/9/23,726,733,713,713,2318000
2011/9/26,666,666,664,664,2809000
2011/9/27,674,690,619,630,3723000
2011/9/28,650,674,643,674,2663000
2011/9/29,674,706,661,690,2298000
2011/9/30,703,719,699,717,1809000
2011/10/3,713,725,668,673,2198000
2011/10/4,648,698,648,698,2086000
2011/10/5,698,710,651,652,3725000
2011/10/6,666,668,626,638,6459000
2011/10/7,594,594,594,594,7080000
2011/10/11,617,635,608,635,5896000
2011/10/12,641,679,637,669,5103000
2011/10/13,680,712,676,705,4508000
2011/10/14,710,717,684,696,2619000
2011/10/17,715,738,710,738,3202000
2011/10/18,722,736,711,736,2536000
2011/10/19,720,721,685,685,3316000
2011/10/20,664,692,660,667,4175000
2011/10/21,625,638,621,621,2431000
2011/10/24,625,664,621,664,4539000
2011/10/25,679,682,671,680,2777000
2011/10/26,665,676,661,670,1831000
2011/10/27,670,691,670,679,2575000
2011/10/28,700,700,682,682,2851000
2011/10/31,685,699,676,681,1268000
2011/11/1,670,680,653,680,1698000
2011/11/2,667,680,661,680,1350000
2011/11/3,686,695,654,656,1646000
2011/11/4,676,678,637,663,1986000
2011/11/7,663,664,647,651,1448000
2011/11/8,651,663,648,648,1372000
2011/11/9,650,652,636,640,1545000
2011/11/10,621,625,596,596,2392000
2011/11/11,604,604,560,583,4064000
2011/11/14,596,623,595,623,2436000
2011/11/15,621,627,608,611,2553000
2011/11/16,620,633,594,598,2813000
2011/11/17,587,591,575,589,2601000
2011/11/18,575,588,572,572,1932000
2011/11/21,560,564,535,537,2541000
2011/11/22,535,544,510,511,4479000
2011/11/23,508,525,505,509,3517000
2011/11/24,490,494.5,473.5,473.5,5191000
2011/11/25,484,487,466,480,4893000
2011/11/28,490,497,475,494.5,3346000
2011/11/29,505,525,494.5,517,3235000
2011/11/30,518,518,481,482.5,2290000
2011/12/1,516,516,504,516,2491000
2011/12/2,516,521,513,521,1747000
2011/12/5,521,521,495,504,1481000
2011/12/6,476,490.5,470,470,2035000
2011/12/7,472,492,470.5,489,3865000
2011/12/8,488,496,473,496,2493000
2011/12/9,477,499,477,495,1980000
2011/12/12,515,522,502,502,1739000
2011/12/13,493,501,487,495,1466000
2011/12/14,498,508,488,508,1346000
2011/12/15,501,504,495,497,932000
2011/12/16,501,513,499,502,1484000
2011/12/19,497,500,488,488,1007000
2011/12/20,494,522,494,522,3241000
2011/12/21,552,558,552,558,1148000
2011/12/22,558,577,557,567,3605000
2011/12/23,584,592,570,570,1978000
2011/12/26,575,584,570,572,1233000
2011/12/27,572,578,555,555,1134000
2011/12/28,555,568,555,557,927000
2011/12/29,553,576,550,576,1648000
2011/12/30,583,588,566,566,1553000
2012/1/2,573,573,553,553,1830000
2012/1/3,561,591,558,591,5330000
2012/1/4,593,599,581,583,3174000
2012/1/5,588,594,580,587,2795000
2012/1/6,591,623,587,603,2620000
2012/1/9,602,615,600,600,1609000
2012/1/10,609,609,596,596,1190000
2012/1/11,601,618,601,611,1518000
2012/1/12,611,615,605,611,1506000
2012/1/13,615,618,600,600,1637000
2012/1/16,608,608,580,586,1652000
2012/1/17,592,607,580,595,1741000
2012/1/18,592,600,588,589,1613000
2012/1/30,609,630,609,628,1960000
2012/1/31,626,646,620,636,2664000
2012/2/1,635,675,634,658,2883000
2012/2/2,668,704,668,704,2593000
2012/2/3,710,712,695,697,1892000
2012/2/6,682,690,671,675,1495000
2012/2/7,666,683,656,660,2385000
2012/2/8,666,694,666,694,2189000
2012/2/9,691,701,684,685,1556000
2012/2/10,638,643,638,638,5206000
2012/2/13,595,610,594,610,12073000
2012/2/14,616,632,607,620,5857000
2012/2/15,625,656,625,640,5666000
2012/2/16,639,650,611,619,3891000
2012/2/17,639,644,620,626,3106000
2012/2/20,628,635,618,623,1953000
2012/2/21,623,638,618,638,2072000
2012/2/22,646,673,641,648,4537000
2012/2/23,641,652,636,638,2594000
2012/2/24,641,648,633,639,1637000
2012/2/29,650,666,648,659,3131000
2012/3/1,650,662,647,654,2185000
2012/3/2,660,665,652,653,1448000
2012/3/5,660,665,646,646,1594000
2012/3/6,652,660,640,660,2548000
2012/3/7,653,658,638,639,2668000
2012/3/8,640,647,635,635,1692000
2012/3/9,639,643,635,636,1090000
2012/3/12,633,636,608,611,1597000
2012/3/13,621,621,598,610,2153000
2012/3/14,630,635,623,624,1738000
2012/3/15,618,631,609,613,1552000
2012/3/16,615,621,611,621,1309000
2012/3/19,623,625,611,612,949000
2012/3/20,616,619,602,602,1364000
2012/3/21,602,608,598,599,1393000
2012/3/22,600,617,600,602,1348000
2012/3/23,603,612,601,612,1090000
2012/3/26,611,614,607,611,982000
2012/3/27,615,616,608,609,814000
2012/3/28,610,614,605,608,728000
2012/3/29,606,606,570,570,2847000
2012/3/30,570,580,555,580,2502000
2012/4/2,579,579,558,558,1588000
2012/4/3,561,565,524,532,2808000
2012/4/5,519,533,508,531,2823000
2012/4/6,539,568,535,568,2532000
2012/4/9,550,560,545,557,1895000
2012/4/10,568,573,538,547,2338000
2012/4/11,542,546,527,540,1649000
2012/4/12,540,561,537,558,1483000
2012/4/13,569,580,563,573,1419000
2012/4/16,555,572,554,570,611000
2012/4/17,569,576,540,549,1570000
2012/4/18,560,566,549,560,1748000
2012/4/19,561,571,540,568,2203000
2012/4/20,560,563,551,560,1653000
2012/4/23,548,556,521,522,3317000
2012/4/24,520,543,512,543,2702000
2012/4/25,550,557,537,537,1575000
2012/4/26,547,548,530,536,1497000
2012/4/27,498.5,498.5,498.5,498.5,724000
2012/4/30,464,464,464,464,711000
2012/5/2,475,496,470.5,496,4131000
2012/5/3,495,495,470,472,2963000
2012/5/4,454,483,451,480,3609000
2012/5/7,465,477.5,464,477,2225000
2012/5/8,479.5,481.5,465.5,473.5,1650000
2012/5/9,470,483,468,481,1795000
2012/5/10,481,490,472,490,2253000
2012/5/11,485,489,472,472,2387000
2012/5/14,474,479,462,465,2164000
2012/5/15,465,497.5,463,497.5,3774000
2012/5/16,500,515,500,504,4552000
2012/5/17,514,539,511,539,2504000
2012/5/18,534,552,527,545,4623000
2012/5/21,555,566,541,558,2526000
2012/5/22,566,570,550,562,2194000
2012/5/23,550,560,547,556,1186000
2012/5/24,556,572,552,564,1830000
2012/5/25,572,588,567,567,2537000
2012/5/28,567,575,553,557,1691000
2012/5/29,563,590,563,583,2469000
2012/5/30,583,588,565,565,2445000
2012/5/31,565,574,562,564,1724000
2012/6/1,555,556,526,535,2227000
2012/6/4,513,529,511,529,2520000
2012/6/5,545,566,541,551,3732000
2012/6/6,556,573,554,567,2539000
2012/6/7,580,580,563,564,2031000
2012/6/8,564,574,558,561,1139000
2012/6/11,575,579,570,573,1066000
2012/6/12,570,571,562,570,814000
2012/6/13,575,578,569,569,785000
2012/6/14,569,572,560,560,971000
2012/6/15,560,578,556,576,1762000
2012/6/18,590,616,587,615,3190000
2012/6/19,615,625,608,609,2487000
2012/6/20,619,624,614,622,2138000
2012/6/21,618,620,602,605,1741000
2012/6/22,597,615,593,612,1426000
2012/6/25,609,615,597,599,1386000
2012/6/26,596,603,581,581,1603000
2012/6/27,589,615,588,612,2253000
2012/6/28,618,622,605,605,1887000
2012/6/29,615,620,610,618,1344000
2012/7/2,622,622,607,607,1039000
2012/7/3,610,619,604,604,1580000
2012/7/4,612,614,600,606,1635000
2012/7/5,610,610,600,602,1055000
2012/7/6,590,599,572,582,3350000
2012/7/9,575,585,566,575,1623000
2012/7/10,580,584,562,571,1726000
2012/7/11,574,582,574,580,1710000
2012/7/12,580,583,572,582,1465000
2012/7/13,582,596,578,594,2547000
2012/7/16,595,598,578,578,1777000
2012/7/17,578,584,563,573,2033000
2012/7/18,575,581,571,574,1065000
2012/7/19,581,590,581,587,1301000
2012/7/20,588,590,584,590,1008000
2012/7/23,585,585,578,581,878000
2012/7/24,580,589,577,589,829000
2012/7/25,577,594,570,594,2667000
2012/7/26,594,598,586,597,1490000
2012/7/27,605,612,602,611,1791000
2012/7/30,616,616,612,614,851000
2012/7/31,614,617,608,615,1042000
2012/8/1,614,630,611,623,2416000
2012/8/2,623,623,623,623,0
2012/8/3,627,627,608,620,2243000
2012/8/6,628,628,590,592,1581000
2012/8/7,593,602,593,597,811000
2012/8/8,592,602,592,598,1592000
2012/8/9,589,615,588,609,3914000
2012/8/10,599,610,599,601,2242000
2012/8/13,607,611,601,610,1149000
2012/8/14,615,627,613,614,1824000
2012/8/15,620,620,607,608,1000000
2012/8/16,614,617,609,617,957000
2012/8/17,616,622,612,615,1490000
2012/8/20,615,622,612,615,751000
2012/8/21,615,620,615,615,837000
2012/8/22,613,615,604,614,1050000
2012/8/23,612,614,608,614,537000
2012/8/24,609,620,607,616,874000
2012/8/27,624,646,622,637,3413000
2012/8/28,633,639,618,619,1901000
2012/8/29,619,624,613,623,879000
2012/8/30,619,622,616,620,791000
2012/8/31,612,623,611,623,911000
2012/9/3,624,644,618,643,1815000
2012/9/4,643,645,629,635,1683000
2012/9/5,636,639,630,639,956000
2012/9/6,650,659,642,642,2903000
2012/9/7,657,659,643,643,1534000
2012/9/10,651,654,647,654,951000
2012/9/11,655,655,641,642,953000
2012/9/12,647,659,645,651,1810000
2012/9/13,655,656,643,645,1340000
2012/9/14,664,666,650,652,3261000
2012/9/17,657,669,655,660,2207000
2012/9/18,656,661,651,659,903000
2012/9/19,659,664,656,656,1029000
2012/9/20,656,658,653,654,595000
2012/9/21,656,666,652,653,1213000
2012/9/24,655,657,650,652,596000
2012/9/25,654,654,632,636,1504000
2012/9/26,618,625,596,596,3285000
2012/9/27,590,608,590,607,1923000
2012/9/28,607,618,605,607,1363000
2012/10/1,600,604,580,593,2093000
2012/10/2,596,615,595,610,1894000
2012/10/3,611,615,608,612,1032000
2012/10/4,612,614,601,610,1039000
2012/10/5,610,625,610,625,1831000
2012/10/8,622,622,606,612,1532000
2012/10/9,610,614,598,602,1609000
2012/10/11,595,611,591,611,1307000
2012/10/12,610,613,606,612,867000
2012/10/15,612,619,612,613,721000
2012/10/16,616,618,612,617,788000
2012/10/17,620,624,608,608,988000
2012/10/18,611,616,610,611,1051000
2012/10/19,612,613,605,605,956000
2012/10/22,593,599,592,596,1157000
2012/10/23,600,603,593,593,1102000
2012/10/24,587,599,587,592,955000
2012/10/25,595,604,594,595,1391000
2012/10/26,606,625,606,616,4437000
2012/10/29,621,624,607,610,1296000
2012/10/30,616,628,615,620,1293000
2012/10/31,626,627,618,622,808000
2012/11/1,620,635,616,633,1260000
2012/11/2,631,632,624,631,698000
2012/11/5,624,628,605,615,1291000
2012/11/6,658,658,641,645,3599000
2012/11/7,652,690,648,690,4943000
2012/11/8,690,726,689,718,3406000
2012/11/9,709,718,699,706,2070000
2012/11/12,710,721,691,694,1489000
2012/11/13,693,705,680,680,1963000
2012/11/14,682,692,677,683,2225000
2012/11/15,686,700,684,690,1559000
2012/11/16,690,696,675,675,1410000
2012/11/19,680,694,678,694,1221000
2012/11/20,703,709,686,686,1460000
2012/11/21,690,700,682,697,934000
2012/11/22,701,706,691,692,911000
2012/11/23,704,719,696,717,2131000
2012/11/26,721,757,721,754,2720000
2012/11/27,758,778,750,751,1921000
2012/11/28,758,759,749,755,1269000
2012/11/29,763,774,758,761,1190000
2012/11/30,764,794,764,794,2212000
2012/12/3,794,797,776,778,1701000
2012/12/4,781,792,777,787,1276000
2012/12/5,789,804,780,800,1432000
2012/12/6,856,856,854,856,1856000
2012/12/7,874,887,855,860,3749000
2012/12/10,860,899,860,879,2112000
2012/12/11,880,890,843,866,2432000
2012/12/12,875,879,854,859,2006000
2012/12/13,860,864,840,842,2716000
2012/12/14,801,814,784,784,5279000
2012/12/17,763,770,731,741,5534000
2012/12/18,751,759,749,755,2939000
2012/12/19,768,785,768,785,3464000
2012/12/20,785,796,777,796,2279000
2012/12/21,797,797,772,775,1725000
2012/12/24,777,780,762,764,928000
2012/12/25,763,782,763,782,842000
2012/12/26,786,786,775,777,735000
2012/12/27,775,792,773,773,1432000
2012/12/28,784,784,773,778,792000
2013/1/2,790,832,785,832,2890000
2013/1/3,836,844,824,824,2260000
2013/1/4,824,825,791,802,1898000
2013/1/7,802,802,746,746,3770000
2013/1/8,740,744,723,738,3459000
2013/1/9,738,757,738,742,2053000
2013/1/10,750,751,730,730,1487000
2013/1/11,742,752,737,748,1502000
2013/1/14,731,740,715,723,2505000
2013/1/15,717,740,715,725,2766000
2013/1/16,725,742,717,734,2043000
2013/1/17,742,748,719,719,2465000
2013/1/18,729,731,717,725,1646000
2013/1/21,726,745,726,734,2049000
2013/1/22,745,745,731,734,1595000
2013/1/23,734,737,716,735,2565000
2013/1/24,715,750,705,750,5140000
2013/1/25,741,749,733,742,2053000
2013/1/28,743,751,740,745,2212000
2013/1/29,753,797,750,797,4570000
2013/1/30,800,805,782,782,2663000
2013/1/31,785,793,768,773,2165000
2013/2/1,773,800,760,797,4505000
2013/2/4,801,804,791,796,2000000
2013/2/5,791,820,785,814,2556000
2013/2/6,809,817,805,805,2384000
2013/2/18,815,817,803,804,1342000
2013/2/19,810,836,808,835,2387000
2013/2/20,840,845,828,828,1545000
2013/2/21,828,836,806,809,2100000
2013/2/22,812,817,807,807,1380000
2013/2/25,813,816,798,801,1234000
2013/2/26,797,805,790,802,1358000
2013/2/27,805,808,793,800,1305000
2013/3/1,805,824,803,817,2019000
2013/3/4,818,820,808,808,931000
2013/3/5,816,817,801,815,1371000
2013/3/6,803,809,770,772,3968000
2013/3/7,772,780,755,764,3157000
2013/3/8,770,786,764,764,1675000
2013/3/11,768,775,761,762,1328000
2013/3/12,762,768,742,742,1870000
2013/3/13,752,754,739,740,1516000
2013/3/14,745,750,736,745,1279000
2013/3/15,754,785,752,779,2784000
2013/3/18,772,774,759,759,1244000
2013/3/19,759,759,740,751,2214000
2013/3/20,745,752,742,751,1482000
2013/3/21,755,762,751,751,1111000
2013/3/22,753,761,748,750,727000
2013/3/25,756,758,745,745,908000
2013/3/26,750,776,750,769,1819000
2013/3/27,770,789,765,782,1873000
2013/3/28,782,787,774,780,921000
2013/3/29,786,786,774,783,885000
2013/4/1,783,783,772,772,615000
2013/4/2,765,768,758,763,834000
2013/4/3,765,778,765,778,812000
2013/4/8,766,770,760,766,1076000
2013/4/9,766,787,766,771,1250000
2013/4/10,779,784,771,778,1113000
2013/4/11,782,797,782,791,1516000
2013/4/12,788,788,765,772,1507000
2013/4/15,770,772,747,765,1422000
2013/4/16,760,760,747,755,889000
2013/4/17,758,763,745,746,1058000
2013/4/18,731,735,710,722,1970000
2013/4/19,710,727,710,716,3301000
2013/4/22,716,722,706,708,2224000
2013/4/23,708,715,696,696,2889000
2013/4/24,702,711,702,706,1665000
2013/4/25,702,705,681,688,2735000
2013/4/26,736,736,736,736,1458000
2013/4/29,786,787,774,787,6013000
2013/4/30,791,814,786,806,3632000
2013/5/2,806,812,797,812,1768000
2013/5/3,815,816,810,810,2002000
2013/5/6,838,853,836,842,2778000
2013/5/7,843,846,833,840,1263000
2013/5/8,845,845,833,842,1033000
2013/5/9,849,855,847,850,1560000
2013/5/10,835,845,835,845,849000
2013/5/13,845,845,827,827,1066000
2013/5/14,827,850,827,850,1330000
2013/5/15,850,909,846,901,3939000
2013/5/16,910,959,910,957,3128000
2013/5/17,960,973,949,949,1647000
2013/5/20,946,957,942,945,752000
2013/5/21,955,996,955,981,1690000
2013/5/22,990,996,963,963,1393000
2013/5/23,958,960,928,930,1520000
2013/5/24,950,974,942,955,2060000
2013/5/27,965,978,963,966,814000
2013/5/28,975,1005,969,1000,2172000
2013/5/29,1000,1000,990,990,1012000
2013/5/30,983,1005,979,982,1172000
2013/5/31,996,1005,962,973,1664000
2013/6/3,955,965,950,959,1172000
2013/6/4,965,997,965,990,1526000
2013/6/5,997,997,981,991,833000
2013/6/6,986,990,968,982,1340000
2013/6/7,983,995,966,969,1464000
2013/6/10,986,1035,986,1035,3096000
2013/6/11,1030,1030,999,1000,1622000
2013/6/13,987,992,944,951,2445000
2013/6/14,961,988,961,979,1711000
2013/6/17,990,1010,990,1000,1025000
2013/6/18,1000,1000,980,985,1214000
2013/6/19,1000,1005,985,986,1286000
2013/6/20,976,986,956,975,1873000
2013/6/21,955,965,910,922,3290000
2013/6/24,925,948,925,940,1471000
2013/6/25,940,947,900,921,2444000
2013/6/26,950,955,920,920,1695000
2013/6/27,931,938,912,932,1746000
2013/6/28,935,960,935,960,1721000
2013/7/1,960,992,950,984,1480000
2013/7/2,984,991,975,976,875000
2013/7/3,976,981,951,953,1005000
2013/7/4,965,965,915,917,2018000
2013/7/5,923,945,902,945,2291000
2013/7/8,954,958,911,920,1998000
2013/7/9,910,935,890,929,2171000
2013/7/10,935,956,929,950,2340000
2013/7/11,964,999,964,990,3040000
2013/7/12,988,996,970,970,1338000
2013/7/15,970,994,970,976,1314000
2013/7/16,990,997,980,983,1279000
2013/7/17,983,987,964,966,1237000
2013/7/18,967,979,928,932,1976000
2013/7/19,900,916,867,867,3994000
2013/7/22,867,883,858,873,2428000
2013/7/23,882,906,856,875,2890000
2013/7/24,887,912,887,890,2796000
2013/7/25,915,935,902,935,2864000
2013/7/26,1000,1000,1000,1000,1598000
2013/7/29,1070,1070,1020,1035,5005000
2013/7/30,1050,1075,1050,1075,2298000
2013/7/31,1070,1070,1035,1040,1350000
2013/8/1,1040,1050,1035,1045,795000
2013/8/2,1050,1060,1025,1035,1040000
2013/8/5,1060,1060,1040,1060,821000
2013/8/6,1060,1060,1020,1040,1168000
2013/8/7,1015,1035,1010,1020,804000
2013/8/8,1035,1050,1025,1050,976000
2013/8/9,1045,1045,1030,1040,464000
2013/8/12,1050,1085,1040,1075,1732000
2013/8/13,1075,1120,1065,1120,2015000
2013/8/14,1120,1130,1105,1105,799000
2013/8/15,1090,1110,1065,1075,1220000
2013/8/16,1065,1090,1060,1085,951000
2013/8/19,1090,1095,1060,1085,1225000
2013/8/20,1090,1090,1045,1055,1063000
2013/8/22,1050,1080,1040,1080,1688000
2013/8/23,1075,1075,1040,1040,1569000
2013/8/26,1045,1065,1040,1060,1051000
2013/8/27,1055,1060,992,992,1581000
2013/8/28,992,1030,985,1015,2007000
2013/8/29,1015,1030,1010,1020,712000
2013/8/30,1030,1045,1015,1045,1449000
2013/9/2,1045,1045,1030,1040,611000
2013/9/3,1050,1065,1040,1050,879000
2013/9/4,1055,1055,1030,1035,695000
2013/9/5,1050,1055,1030,1050,1443000
2013/9/6,1050,1050,1000,1010,2057000
2013/9/9,1020,1030,1010,1010,884000
2013/9/10,1025,1030,1010,1010,736000
2013/9/11,1015,1015,940,945,4488000
2013/9/12,920,947,906,942,3399000
2013/9/13,942,955,936,940,1614000
2013/9/16,954,1000,951,1000,3044000
2013/9/17,991,994,971,990,2041000
2013/9/18,993,1005,985,985,1158000
2013/9/23,990,995,981,995,1017000
2013/9/24,1015,1035,1010,1010,1977000
2013/9/25,1010,1015,997,1015,896000
2013/9/26,1015,1015,980,988,1267000
2013/9/27,980,995,980,994,777000
2013/9/30,985,997,982,995,728000
2013/10/1,995,1005,992,996,818000
2013/10/2,1000,1010,990,990,518000
2013/10/3,990,1030,990,1020,1329000
2013/10/4,1020,1030,1010,1030,796000
2013/10/7,1020,1020,1000,1000,951000
2013/10/8,1000,1010,992,1000,556000
2013/10/9,993,1000,991,995,817000
2013/10/11,1010,1015,995,995,932000
2013/10/14,990,997,962,970,1138000
2013/10/15,975,996,975,993,790000
2013/10/16,991,997,950,960,1314000
2013/10/17,975,982,961,968,1086000
2013/10/18,968,975,963,973,646000
2013/10/21,980,993,973,989,700000
2013/10/22,996,997,982,987,650000
2013/10/23,999,1005,982,982,893000
2013/10/24,993,1010,986,1005,1092000
2013/10/25,1000,1005,986,990,672000
2013/10/28,990,1010,989,990,680000
2013/10/29,998,1005,989,1005,778000
2013/10/30,1005,1010,996,1000,599000
2013/10/31,1000,1000,968,1000,1779000
2013/11/1,1010,1015,987,997,1626000
2013/11/4,996,996,980,994,536000
2013/11/5,999,1025,997,1005,1313000
2013/11/6,1005,1005,983,992,1050000
2013/11/7,991,1010,990,1005,657000
2013/11/8,1000,1005,995,1005,517000
2013/11/11,1005,1010,996,1005,256000
2013/11/12,1005,1010,986,998,771000
2013/11/13,998,1005,993,993,469000
2013/11/14,995,1005,992,996,346000
2013/11/15,1005,1005,993,994,388000
2013/11/18,995,1005,995,1005,329000
2013/11/19,1010,1075,1000,1065,2426000
2013/11/20,1075,1090,1055,1055,1087000
2013/11/21,1055,1060,1005,1005,1139000
2013/11/22,1010,1025,1005,1005,715000
2013/11/25,1020,1025,1015,1025,335000
2013/11/26,1030,1045,1020,1045,703000
2013/11/27,1045,1045,1035,1040,333000
2013/11/28,1045,1055,1030,1035,684000
2013/11/29,1035,1070,1035,1055,965000
2013/12/2,1055,1065,1045,1055,466000
2013/12/3,1055,1070,1040,1070,492000
2013/12/4,1070,1080,1060,1075,571000
2013/12/5,1080,1110,1070,1080,1555000
2013/12/6,1090,1130,1075,1130,2000000
2013/12/9,1140,1145,1105,1105,973000
2013/12/10,1120,1140,1115,1140,608000
2013/12/11,1140,1190,1140,1170,1409000
2013/12/12,1165,1170,1140,1145,691000
2013/12/13,1145,1150,1125,1125,513000
2013/12/16,1125,1125,1110,1110,426000
2013/12/17,1125,1150,1120,1150,651000
2013/12/18,1155,1170,1150,1165,1020000
2013/12/19,1175,1185,1145,1145,732000
2013/12/20,1165,1195,1155,1190,1176000
2013/12/23,1190,1220,1190,1210,829000
2013/12/24,1215,1235,1205,1205,807000
2013/12/25,1205,1220,1170,1195,580000
2013/12/26,1185,1200,1180,1200,336000
2013/12/27,1210,1210,1195,1200,579000
2013/12/30,1210,1230,1205,1230,605000
2013/12/31,1235,1250,1210,1215,715000
2014/1/2,1215,1230,1200,1205,714000
2014/1/3,1205,1215,1190,1215,962000
2014/1/6,1215,1215,1160,1175,1287000
2014/1/7,1185,1185,1165,1180,1051000
2014/1/8,1185,1185,1105,1135,1521000
2014/1/9,1130,1150,1110,1130,1152000
2014/1/10,1150,1155,1130,1150,956000
2014/1/13,1160,1185,1150,1150,802000
2014/1/14,1145,1150,1115,1115,699000
2014/1/15,1130,1190,1130,1190,1735000
2014/1/16,1190,1195,1170,1175,832000
2014/1/17,1170,1220,1170,1210,1095000
2014/1/20,1205,1250,1205,1230,976000
2014/1/21,1235,1255,1225,1250,927000
2014/1/22,1255,1255,1225,1245,842000
2014/1/23,1245,1245,1160,1185,2326000
2014/1/24,1205,1215,1160,1160,1420000
2014/1/27,1145,1195,1140,1165,1008000
2014/2/5,1135,1155,1120,1145,1046000
2014/2/6,1135,1150,1115,1150,1273000
2014/2/7,1165,1170,1150,1150,528000
2014/2/10,1165,1190,1165,1165,878000
2014/2/11,1175,1205,1160,1195,905000
2014/2/12,1200,1215,1195,1215,820000
2014/2/13,1215,1215,1190,1190,346000
2014/2/14,1210,1210,1185,1185,382000
2014/2/17,1175,1190,1175,1175,353000
2014/2/18,1185,1185,1155,1165,531000
2014/2/19,1170,1200,1165,1170,708000
2014/2/20,1180,1185,1160,1165,570000
2014/2/21,1210,1245,1210,1245,1714000
2014/2/24,1245,1265,1240,1245,1219000
2014/2/25,1255,1265,1235,1235,576000
2014/2/26,1245,1320,1240,1320,1640000
2014/2/27,1320,1405,1320,1345,2251000
2014/3/3,1380,1390,1345,1380,1206000
2014/3/4,1385,1400,1365,1380,901000
2014/3/5,1410,1445,1385,1390,1223000
2014/3/6,1390,1415,1380,1390,871000
2014/3/7,1405,1425,1360,1370,1134000
2014/3/10,1375,1390,1365,1380,626000
2014/3/11,1400,1400,1375,1375,507000
2014/3/12,1380,1410,1375,1395,723000
2014/3/13,1415,1415,1390,1400,641000
2014/3/14,1380,1405,1380,1405,414000
2014/3/17,1410,1410,1380,1380,351000
2014/3/18,1395,1400,1375,1375,526000
2014/3/19,1405,1430,1390,1415,1281000
2014/3/20,1405,1405,1385,1385,459000
2014/3/21,1395,1400,1330,1350,1171000
2014/3/24,1340,1370,1335,1370,454000
2014/3/25,1370,1380,1355,1370,412000
2014/3/26,1380,1435,1375,1420,1048000
2014/3/27,1420,1435,1405,1435,756000
2014/3/28,1435,1465,1420,1420,730000
2014/3/31,1445,1455,1430,1440,509000
2014/4/1,1450,1505,1445,1480,1302000
2014/4/2,1485,1535,1485,1525,1142000
2014/4/3,1525,1555,1490,1510,922000
2014/4/7,1490,1520,1485,1495,612000
2014/4/8,1595,1595,1575,1595,1476000
2014/4/9,1610,1650,1595,1640,1126000
2014/4/10,1650,1685,1610,1625,1075000
2014/4/11,1610,1640,1600,1635,843000
2014/4/14,1630,1630,1540,1545,768000
2014/4/15,1550,1610,1550,1585,1122000
2014/4/16,1580,1620,1555,1600,880000
2014/4/17,1620,1630,1600,1600,653000
2014/4/18,1605,1615,1585,1600,420000
2014/4/21,1600,1630,1600,1610,322000
2014/4/22,1630,1720,1620,1715,1354000
2014/4/23,1720,1750,1685,1690,1238000
2014/4/24,1720,1765,1710,1755,1284000
2014/4/25,1875,1875,1875,1875,1931000
2014/4/28,1935,1990,1910,1990,1536000
2014/4/29,1985,1990,1935,1940,1091000
2014/4/30,1925,1960,1885,1885,998000
2014/5/2,1890,1960,1880,1960,954000
2014/5/5,1970,1995,1950,1980,500000
2014/5/6,2020,2050,1980,2000,1128000
2014/5/7,1990,2005,1940,1955,1254000
2014/5/8,1960,1975,1935,1935,781000
2014/5/9,1945,1955,1910,1930,445000
2014/5/12,1930,1955,1920,1940,506000
2014/5/13,1955,1965,1900,1905,725000
2014/5/14,1915,1920,1880,1900,600000
2014/5/15,1900,1930,1890,1930,556000
2014/5/16,1920,1925,1875,1915,1098000
2014/5/19,1920,1980,1920,1980,931000
2014/5/20,1995,2000,1945,1960,1955000
2014/5/21,1960,1980,1950,1950,426000
2014/5/22,1970,1985,1960,1985,361000
2014/5/23,1995,2095,1995,2080,1437000
2014/5/26,2090,2090,2030,2030,648000
2014/5/27,2030,2045,1980,1985,801000
2014/5/28,1995,2025,1990,2015,587000
2014/5/29,2035,2035,1975,1985,724000
2014/5/30,1995,2005,1960,1960,698000
2014/6/3,1975,1980,1940,1940,648000
2014/6/4,1945,2005,1935,1980,745000
2014/6/5,1975,1995,1970,1985,499000
2014/6/6,2030,2060,2010,2045,1270000
2014/6/9,2050,2055,2030,2035,414000
2014/6/10,2055,2075,2050,2065,561000
2014/6/11,2070,2090,2065,2080,439000
2014/6/12,2080,2080,2040,2060,313000
2014/6/13,2050,2065,2030,2050,463000
2014/6/16,2065,2065,2035,2035,437000
2014/6/17,2050,2090,2040,2085,584000
2014/6/18,2095,2095,2020,2050,913000
2014/6/19,2080,2190,2065,2190,1451000
2014/6/20,2190,2205,2175,2185,890000
2014/6/23,2205,2310,2190,2255,1229000
2014/6/24,2260,2285,2195,2210,884000
2014/6/25,2190,2245,2180,2220,654000
2014/6/26,2250,2255,2220,2235,517000
2014/6/27,2250,2255,2230,2245,386000
2014/6/30,2265,2380,2260,2380,1061000
2014/7/1,2365,2365,2325,2325,750000
2014/7/2,2345,2415,2320,2330,1301000
2014/7/3,2350,2395,2350,2395,922000
2014/7/4,2410,2430,2370,2370,678000
2014/7/7,2400,2450,2380,2425,905000
2014/7/8,2410,2445,2410,2440,588000
2014/7/9,2420,2425,2355,2365,968000
2014/7/10,2395,2490,2395,2480,1442000
2014/7/11,2475,2555,2445,2495,1327000
2014/7/14,2505,2560,2505,2560,803000
2014/7/15,2565,2610,2560,2570,893000
2014/7/16,2590,2640,2565,2635,933000
2014/7/17,2630,2630,2465,2530,1560000
2014/7/18,2480,2480,2380,2380,2139000
2014/7/21,2470,2530,2440,2510,1276000
2014/7/22,2500,2520,2475,2495,728000
2014/7/23,2495,2495,2495,2495,0
2014/7/24,2540,2560,2460,2470,903000
2014/7/25,2465,2500,2300,2300,2019000
2014/7/28,2255,2350,2220,2255,1546000
2014/7/29,2325,2350,2265,2310,1375000
2014/7/30,2330,2360,2305,2345,879000
2014/7/31,2350,2360,2315,2330,814000
2014/8/1,2265,2340,2265,2325,766000
2014/8/4,2345,2400,2325,2400,812000
2014/8/5,2400,2430,2280,2310,1347000
2014/8/6,2350,2360,2235,2325,1339000
2014/8/7,2345,2380,2275,2280,747000
2014/8/8,2300,2390,2250,2390,1224000
2014/8/11,2390,2445,2355,2435,1287000
2014/8/12,2440,2450,2420,2430,861000
2014/8/13,2435,2465,2425,2425,539000
2014/8/14,2460,2460,2390,2395,518000
2014/8/15,2405,2445,2400,2445,599000
2014/8/18,2445,2455,2385,2395,304000
2014/8/19,2415,2480,2415,2460,773000
2014/8/20,2465,2480,2425,2440,685000
2014/8/21,2410,2425,2380,2385,631000
2014/8/22,2410,2475,2410,2450,757000
2014/8/25,2460,2465,2435,2460,400000
2014/8/26,2460,2570,2460,2550,1222000
2014/8/27,2565,2605,2520,2540,921000
2014/8/28,2550,2565,2500,2515,612000
2014/8/29,2525,2525,2465,2475,676000
2014/9/1,2495,2540,2495,2510,447000
2014/9/2,2525,2525,2405,2405,975000
2014/9/3,2430,2465,2385,2405,908000
2014/9/4,2385,2450,2355,2450,787000
2014/9/5,2460,2465,2390,2415,958000
2014/9/9,2480,2490,2425,2440,752000
2014/9/10,2435,2445,2405,2445,506000
2014/9/11,2470,2470,2400,2400,487000
2014/9/12,2385,2385,2235,2250,2054000
2014/9/15,2250,2310,2250,2280,1438000
2014/9/16,2290,2310,2255,2255,695000
2014/9/17,2270,2375,2270,2350,1298000
2014/9/18,2365,2375,2325,2360,750000
2014/9/19,2375,2400,2360,2400,682000
2014/9/22,2385,2390,2330,2340,678000
2014/9/23,2320,2350,2280,2280,764000
2014/9/24,2280,2335,2260,2265,763000
2014/9/25,2290,2320,2110,2110,1659000
2014/9/26,2060,2095,1985,2090,2099000
2014/9/29,2110,2235,2070,2230,1796000
2014/9/30,2235,2240,2125,2180,1477000
2014/10/1,2180,2275,2160,2210,1463000
2014/10/2,2195,2275,2185,2270,1075000
2014/10/3,2315,2420,2315,2390,1845000
2014/10/6,2420,2450,2370,2370,1555000
2014/10/7,2370,2375,2290,2305,1286000
2014/10/8,2300,2365,2275,2275,1136000
2014/10/9,2350,2360,2275,2275,1097000
2014/10/13,2220,2295,2210,2275,1101000
2014/10/14,2280,2330,2270,2275,964000
2014/10/15,2275,2305,2135,2215,2037000
2014/10/16,2215,2325,2160,2320,1811000
2014/10/17,2295,2295,2160,2160,2594000
2014/10/20,2200,2200,2060,2155,2523000
2014/10/21,2160,2200,2110,2150,1251000
2014/10/22,2200,2215,2050,2050,2067000
2014/10/23,2025,2105,2010,2025,1956000
2014/10/24,2050,2065,2005,2030,1331000
2014/10/27,2050,2060,1950,1950,1971000
2014/10/28,1995,2085,1935,2080,2179000
2014/10/29,2100,2160,2085,2120,1672000
2014/10/30,2120,2125,2085,2095,900000
2014/10/31,2115,2145,2115,2135,836000
2014/11/3,2155,2230,2140,2210,1279000
2014/11/4,2210,2230,2160,2160,1525000
2014/11/5,2190,2190,2080,2085,1145000
2014/11/6,2125,2140,2005,2010,1803000
2014/11/7,2015,2150,2015,2145,1649000
2014/11/10,2155,2220,2110,2115,1507000
2014/11/11,2140,2170,2100,2120,1186000
2014/11/12,2115,2130,2035,2080,1459000
2014/11/13,2085,2145,2085,2120,1536000
2014/11/14,2145,2160,2110,2125,973000
2014/11/17,2160,2160,2105,2115,595000
2014/11/18,2130,2140,2110,2130,557000
2014/11/19,2150,2220,2125,2190,1724000
2014/11/20,2215,2340,2215,2340,2469000
2014/11/21,2360,2365,2295,2335,1336000
2014/11/24,2355,2385,2305,2305,1027000
2014/11/25,2320,2385,2295,2385,1074000
2014/11/26,2385,2440,2365,2425,1759000
2014/11/27,2440,2475,2370,2375,1404000
2014/11/28,2395,2410,2375,2385,739000
2014/12/1,2320,2465,2320,2465,1353000
2014/12/2,2445,2445,2365,2375,1269000
2014/12/3,2410,2440,2375,2380,1419000
2014/12/4,2405,2440,2395,2400,824000
2014/12/5,2400,2430,2340,2370,1053000
2014/12/8,2375,2395,2275,2285,1384000
2014/12/9,2265,2300,2235,2290,1131000
2014/12/10,2290,2320,2250,2255,823000
2014/12/11,2235,2310,2220,2300,1272000
2014/12/12,2315,2345,2310,2325,1026000
2014/12/15,2310,2340,2300,2335,842000
2014/12/16,2320,2335,2250,2250,997000
2014/12/17,2255,2300,2230,2250,1231000
2014/12/18,2300,2315,2265,2265,1161000
2014/12/19,2320,2355,2270,2300,1482000
2014/12/22,2320,2330,2285,2325,463000
2014/12/23,2330,2340,2280,2280,772000
2014/12/24,2290,2295,2265,2275,617000
2014/12/25,2285,2290,2270,2275,249000
2014/12/26,2285,2315,2275,2315,344000
2014/12/29,2330,2410,2315,2395,1214000
2014/12/30,2420,2430,2375,2375,769000
2014/12/31,2375,2395,2375,2395,327000
2015/1/5,2400,2410,2350,2350,832000
2015/1/6,2320,2340,2260,2275,1427000
2015/1/7,2300,2325,2265,2300,1228000
2015/1/8,2340,2380,2325,2365,1356000
2015/1/9,2395,2400,2340,2340,1106000
2015/1/12,2350,2355,2315,2320,485000
2015/1/13,2320,2365,2320,2340,570000
2015/1/14,2355,2355,2310,2350,574000
2015/1/15,2355,2365,2325,2360,613000
2015/1/16,2450,2450,2375,2385,1982000
2015/1/19,2420,2430,2400,2430,898000
2015/1/20,2435,2565,2425,2555,1946000
2015/1/21,2580,2610,2570,2580,1412000
2015/1/22,2600,2625,2560,2625,726000
2015/1/23,2640,2770,2640,2770,2040000
2015/1/26,2765,2790,2725,2760,996000
2015/1/27,2790,2805,2745,2750,842000
2015/1/28,2745,2755,2715,2750,492000
2015/1/29,2745,2745,2630,2640,1219000
2015/1/30,2670,2700,2640,2640,835000
2015/2/2,2640,2670,2615,2665,520000
2015/2/3,2685,2760,2675,2760,1122000
2015/2/4,2795,2820,2730,2730,989000
2015/2/5,2730,2760,2720,2760,491000
2015/2/6,2675,2690,2595,2605,1598000
2015/2/9,2610,2655,2585,2655,681000
2015/2/10,2655,2680,2630,2645,694000
2015/2/11,2660,2700,2660,2690,661000
2015/2/12,2705,2705,2665,2680,375000
2015/2/13,2700,2735,2700,2705,611000
2015/2/24,2750,2785,2730,2780,928000
2015/2/25,2780,2790,2720,2755,495000
2015/2/26,2725,2725,2670,2680,829000
2015/3/2,2710,2720,2655,2655,658000
2015/3/3,2670,2690,2660,2670,515000
2015/3/4,2660,2680,2655,2655,337000
2015/3/5,2645,2645,2610,2615,626000
2015/3/6,2600,2740,2600,2735,1178000
2015/3/9,2730,2780,2695,2770,850000
2015/3/10,2750,2760,2660,2660,867000
2015/3/11,2620,2710,2620,2670,915000
2015/3/12,2685,2705,2670,2685,615000
2015/3/13,2700,2720,2670,2670,357000
2015/3/16,2680,2685,2650,2655,356000
2015/3/17,2680,2735,2680,2735,761000
2015/3/18,2735,2760,2720,2750,784000
2015/3/19,2785,2795,2745,2785,812000
2015/3/20,2790,2820,2760,2760,669000
2015/3/23,2770,2800,2765,2770,439000
2015/3/24,2790,2800,2750,2765,422000
2015/3/25,2765,2765,2730,2755,353000
2015/3/26,2700,2725,2680,2685,744000
2015/3/27,2685,2720,2660,2660,594000
2015/3/30,2685,2685,2600,2635,992000
2015/3/31,2680,2705,2665,2695,563000
2015/4/1,2695,2735,2670,2735,791000
2015/4/2,2755,2770,2730,2730,431000
2015/4/7,2750,2775,2735,2755,471000
2015/4/8,2715,2770,2695,2695,471000
2015/4/9,2695,2735,2670,2670,550000
2015/4/10,2690,2725,2680,2695,547000
2015/4/13,2725,2725,2695,2705,398000
2015/4/14,2700,2705,2670,2675,642000
2015/4/15,2695,2780,2695,2745,1428000
2015/4/16,2755,2790,2755,2785,934000
2015/4/17,2815,2815,2760,2810,1154000
2015/4/20,2810,2980,2780,2935,1725000
2015/4/21,2965,3010,2940,2945,983000
2015/4/22,2980,3065,2965,3065,1043000
2015/4/23,3055,3165,3035,3145,1099000
2015/4/24,3165,3230,3060,3115,1007000
2015/4/27,3150,3220,3135,3200,733000
2015/4/28,3200,3220,3160,3200,685000
2015/4/29,3180,3185,3120,3120,521000
2015/4/30,3120,3160,3035,3080,779000
2015/5/4,3130,3190,3120,3190,599000
2015/5/5,3195,3220,3165,3220,519000
2015/5/6,3200,3200,3150,3150,450000
2015/5/7,3150,3165,3100,3105,403000
2015/5/8,3145,3185,3120,3120,495000
2015/5/11,3170,3210,3140,3180,418000
2015/5/12,3135,3170,3110,3110,589000
2015/5/13,3140,3155,3110,3125,303000
2015/5/14,3150,3155,3110,3110,310000
2015/5/15,3120,3155,3080,3080,655000
2015/5/18,3115,3160,3105,3130,555000
2015/5/19,3160,3325,3135,3325,1181000
2015/5/20,3330,3350,3265,3330,901000
2015/5/21,3325,3330,3280,3305,543000
2015/5/22,3345,3500,3345,3460,1018000
2015/5/25,3450,3485,3420,3465,374000
2015/5/26,3470,3520,3450,3460,390000
2015/5/27,3460,3575,3460,3515,724000
2015/5/28,3535,3545,3430,3450,694000
2015/5/29,3480,3480,3405,3420,463000
2015/6/1,3430,3470,3420,3455,285000
2015/6/2,3455,3475,3420,3440,248000
2015/6/3,3470,3500,3445,3455,335000
2015/6/4,3445,3470,3135,3205,1168000
2015/6/5,3230,3325,3225,3255,780000
2015/6/8,3280,3420,3220,3340,808000
2015/6/9,3340,3350,3240,3255,721000
2015/6/10,3310,3360,3270,3270,625000
2015/6/11,3290,3390,3290,3355,854000
2015/6/12,3370,3410,3355,3355,489000
2015/6/15,3320,3320,3235,3255,532000
2015/6/16,3285,3300,3220,3300,418000
2015/6/17,3330,3385,3300,3360,576000
2015/6/18,3380,3395,3350,3350,447000
2015/6/22,3420,3450,3390,3450,560000
2015/6/23,3495,3565,3490,3555,884000
2015/6/24,3575,3620,3555,3580,699000
2015/6/25,3595,3640,3590,3640,645000
2015/6/26,3660,3660,3560,3585,401000
2015/6/29,3525,3530,3450,3500,520000
2015/6/30,3500,3550,3500,3525,420000
2015/7/1,3550,3690,3545,3680,726000
2015/7/2,3690,3710,3650,3705,523000
2015/7/3,3705,3715,3650,3710,398000
2015/7/6,3685,3705,3630,3630,642000
2015/7/7,3585,3585,3385,3450,1297000
2015/7/8,3380,3400,3150,3280,1663000
2015/7/9,3210,3325,3160,3285,1270000
2015/7/10,3285,3285,3285,3285,0
2015/7/13,3325,3425,3300,3400,1046000
2015/7/14,3430,3535,3425,3500,854000
2015/7/15,3515,3535,3400,3400,940000
2015/7/16,3440,3520,3440,3520,656000
2015/7/17,3530,3530,3420,3425,765000
2015/7/20,3515,3555,3475,3550,825000
2015/7/21,3535,3550,3460,3550,586000
2015/7/22,3410,3545,3370,3545,1117000
2015/7/23,3465,3510,3300,3305,1416000
2015/7/24,3330,3370,3260,3260,850000
2015/7/27,3245,3310,3065,3090,1192000
2015/7/28,3100,3225,3100,3215,1158000
2015/7/29,3230,3255,3100,3100,1184000
2015/7/30,3125,3225,3120,3135,795000
2015/7/31,3185,3220,3150,3205,528000
2015/8/3,3170,3175,2915,2925,1147000
2015/8/4,3000,3015,2880,2970,1444000
2015/8/5,2955,3080,2925,3020,1020000
2015/8/6,2890,2915,2720,2720,2210000
2015/8/7,2800,2990,2700,2935,2357000
2015/8/10,2935,3055,2865,2985,995000
2015/8/11,3095,3175,3070,3150,1374000
2015/8/12,3075,3130,2955,2970,839000
2015/8/13,3050,3070,3000,3020,795000
2015/8/14,3020,3065,2935,2960,851000
2015/8/17,2920,3010,2920,2970,998000
2015/8/18,2995,3060,2985,2995,635000
2015/8/19,3020,3025,2710,2875,1852000
2015/8/20,2860,2970,2850,2850,1311000
2015/8/21,2750,2805,2725,2780,1206000
2015/8/24,2635,2825,2520,2680,2184000
2015/8/25,2750,2945,2720,2945,1362000
2015/8/26,2900,2995,2840,2880,1628000
2015/8/27,2960,3030,2940,2960,1374000
2015/8/28,3020,3050,2985,3000,1030000
2015/8/31,2995,3020,2965,3020,633000
2015/9/1,3000,3015,2970,2980,536000
2015/9/2,2915,2970,2890,2950,618000
2015/9/3,2935,2935,2835,2865,868000
2015/9/4,2865,2900,2685,2700,1329000
2015/9/7,2685,2685,2560,2605,1915000
2015/9/8,2600,2690,2580,2580,1185000
2015/9/9,2675,2830,2665,2830,1561000
2015/9/10,2790,2790,2720,2750,710000
2015/9/11,2785,2850,2785,2815,801000
2015/9/14,2900,2925,2865,2900,692000
2015/9/15,2900,2910,2740,2745,995000
2015/9/16,2745,2830,2715,2780,1001000
2015/9/17,2840,2925,2815,2910,1281000
2015/9/18,2910,2925,2860,2895,672000
2015/9/21,2830,2840,2755,2790,818000
2015/9/22,2810,2855,2800,2805,525000
2015/9/23,2750,2770,2710,2740,724000
2015/9/24,2775,2790,2685,2685,755000
2015/9/25,2625,2730,2565,2730,1528000
2015/9/29,2730,2730,2730,2730,0
2015/9/30,2625,2665,2560,2560,2581000
2015/10/1,2575,2615,2470,2470,2058000
2015/10/2,2470,2570,2430,2570,1971000
2015/10/5,2580,2580,2475,2480,1551000
2015/10/6,2580,2715,2580,2690,2226000
2015/10/7,2735,2740,2660,2675,1441000
2015/10/8,2680,2730,2610,2610,874000
2015/10/12,2610,2710,2610,2700,1349000
2015/10/13,2685,2695,2590,2630,1242000
2015/10/14,2610,2625,2550,2550,1512000
2015/10/15,2590,2640,2580,2585,1241000
2015/10/16,2690,2690,2585,2585,1688000
2015/10/19,2590,2605,2420,2450,1981000
2015/10/20,2450,2510,2370,2415,2131000
2015/10/21,2440,2465,2410,2415,1418000
2015/10/22,2445,2495,2440,2450,896000
2015/10/23,2520,2525,2440,2440,1034000
2015/10/26,2495,2565,2485,2555,1837000
2015/10/27,2530,2530,2480,2530,1255000
2015/10/28,2510,2565,2510,2510,679000
2015/10/29,2585,2590,2525,2525,689000
2015/10/30,2515,2550,2490,2535,544000
2015/11/2,2535,2690,2525,2640,1400000
2015/11/3,2680,2750,2670,2745,1896000
2015/11/4,2780,2825,2765,2810,1150000
2015/11/5,2845,2965,2840,2940,1550000
2015/11/6,2910,2910,2720,2720,2040000
2015/11/9,2700,2740,2620,2620,1415000
2015/11/10,2545,2650,2545,2590,1258000
2015/11/11,2590,2620,2490,2490,1455000
2015/11/12,2535,2560,2460,2560,1139000
2015/11/13,2505,2575,2500,2510,738000
2015/11/16,2490,2540,2445,2515,834000
2015/11/17,2580,2630,2570,2585,1017000
2015/11/18,2585,2600,2550,2560,707000
2015/11/19,2630,2670,2600,2670,900000
2015/11/20,2680,2750,2660,2735,1131000
2015/11/23,2745,2750,2680,2715,659000
2015/11/24,2630,2655,2460,2465,2224000
2015/11/25,2480,2535,2450,2510,1158000
2015/11/26,2510,2560,2510,2525,915000
2015/11/27,2540,2550,2505,2505,602000
2015/11/30,2510,2530,2485,2515,1074000
2015/12/1,2525,2620,2525,2600,1209000
2015/12/2,2560,2610,2540,2610,1016000
2015/12/3,2565,2585,2550,2550,690000
2015/12/4,2540,2545,2465,2530,1180000
2015/12/7,2500,2510,2285,2395,2915000
2015/12/8,2355,2410,2350,2350,936000
2015/12/9,2355,2395,2305,2305,1139000
2015/12/10,2305,2330,2290,2290,1120000
2015/12/11,2295,2340,2295,2320,816000
2015/12/14,2290,2290,2185,2195,1035000
2015/12/15,2215,2245,2150,2150,1088000
2015/12/16,2200,2205,2045,2140,2369000
2015/12/17,2165,2235,2140,2230,1373000
2015/12/18,2205,2250,2180,2250,1038000
2015/12/21,2210,2285,2200,2285,654000
2015/12/22,2300,2355,2300,2320,1057000
2015/12/23,2305,2330,2230,2230,664000
2015/12/24,2295,2325,2245,2270,754000
2015/12/25,2265,2295,2240,2295,218000
2015/12/28,2310,2310,2255,2275,390000
2015/12/29,2275,2275,2210,2255,402000
2015/12/30,2290,2295,2260,2260,455000
2015/12/31,2280,2280,2230,2270,293000
2016/1/4,2255,2270,2175,2175,669000
2016/1/5,2130,2155,2100,2110,1742000
2016/1/6,1910,1965,1900,1960,3020000
2016/1/7,1930,1945,1815,1830,2592000
2016/1/8,1800,2000,1790,1975,2072000
2016/1/11,1960,2010,1930,1935,1164000
2016/1/12,1960,2010,1825,1840,1472000
2016/1/13,1900,1965,1885,1965,1287000
2016/1/14,1880,1900,1835,1855,1720000
2016/1/15,1985,2040,1945,2020,2228000
2016/1/18,1975,2070,1965,1995,1460000
2016/1/19,2000,2025,1980,2025,805000
2016/1/20,2000,2010,1885,1900,1575000
2016/1/21,1970,2035,1940,2035,1506000
2016/1/22,2045,2070,1990,1995,1117000
2016/1/25,2075,2140,2065,2075,1309000
2016/1/26,2060,2240,2045,2240,1522000
2016/1/27,2210,2210,2115,2160,1817000
2016/1/28,2080,2285,2080,2260,2209000
2016/1/29,2250,2450,2225,2375,2339000
2016/2/1,2485,2550,2350,2350,2242000
2016/2/2,2370,2395,2290,2350,1472000
2016/2/3,2310,2385,2310,2350,1089000
2016/2/15,2260,2400,2260,2385,1448000
2016/2/16,2420,2585,2400,2570,1823000
2016/2/17,2555,2575,2455,2455,1544000
2016/2/18,2515,2560,2465,2465,1726000
2016/2/19,2445,2555,2445,2535,1044000
2016/2/22,2560,2610,2545,2555,1003000
2016/2/23,2590,2615,2555,2560,1145000
2016/2/24,2540,2575,2525,2555,770000
2016/2/25,2585,2585,2530,2540,681000
2016/2/26,2575,2595,2535,2535,638000
2016/3/1,2585,2740,2575,2720,2110000
2016/3/2,2840,2840,2730,2740,1280000
2016/3/3,2765,2770,2660,2685,1184000
2016/3/4,2695,2760,2695,2760,815000
2016/3/7,2775,2775,2685,2695,946000
2016/3/8,2695,2695,2535,2635,1475000
2016/3/9,2650,2655,2565,2575,1200000
2016/3/10,2590,2660,2565,2565,1101000
2016/3/11,2600,2615,2545,2610,814000
2016/3/14,2655,2685,2620,2620,750000
2016/3/15,2630,2640,2470,2470,1254000
2016/3/16,2500,2605,2500,2590,1132000
2016/3/17,2630,2650,2535,2540,961000
2016/3/18,2550,2615,2520,2560,1022000
2016/3/21,2605,2615,2550,2565,551000
2016/3/22,2565,2600,2545,2600,526000
2016/3/23,2590,2595,2555,2585,591000
2016/3/24,2565,2565,2490,2545,745000
2016/3/25,2545,2555,2465,2470,712000
2016/3/28,2485,2490,2425,2435,667000
2016/3/29,2440,2490,2410,2420,650000
2016/3/30,2490,2580,2485,2580,1076000
2016/3/31,2600,2600,2495,2495,1020000
2016/4/1,2495,2525,2490,2510,506000
2016/4/6,2390,2500,2375,2475,1205000
2016/4/7,2485,2545,2475,2515,956000
2016/4/8,2485,2490,2425,2445,854000
2016/4/11,2445,2485,2425,2485,524000
2016/4/12,2455,2470,2340,2375,1249000
2016/4/13,2385,2465,2375,2405,1147000
2016/4/14,2430,2460,2330,2375,1070000
2016/4/15,2300,2470,2290,2465,2017000
2016/4/18,2430,2450,2400,2440,684000
2016/4/19,2470,2480,2380,2380,1000000
2016/4/20,2380,2420,2355,2355,992000
2016/4/21,2385,2390,2325,2360,737000
2016/4/22,2325,2335,2240,2240,1726000
2016/4/25,2240,2240,2135,2170,1952000
2016/4/26,2210,2295,2205,2250,1172000
2016/4/27,2200,2250,2180,2240,1392000
2016/4/28,2280,2280,2225,2240,991000
2016/4/29,2215,2270,2205,2270,833000
2016/5/3,2240,2305,2225,2295,888000
2016/5/4,2290,2325,2240,2280,1014000
2016/5/5,2300,2325,2260,2305,832000
2016/5/6,2285,2340,2280,2335,786000
2016/5/9,2420,2530,2405,2500,1833000
2016/5/10,2490,2530,2465,2530,824000
2016/5/11,2550,2700,2545,2690,1800000
2016/5/12,2700,2700,2615,2640,900000
2016/5/13,2605,2635,2545,2635,752000
2016/5/16,2600,2625,2570,2570,729000
2016/5/17,2610,2680,2610,2620,841000
2016/5/18,2600,2645,2565,2620,897000
2016/5/19,2635,2635,2585,2600,488000
2016/5/20,2600,2665,2600,2645,801000
2016/5/23,2690,2760,2645,2710,1298000
2016/5/24,2700,2740,2675,2675,560000
2016/5/25,2730,2785,2710,2730,1203000
2016/5/26,2755,2765,2685,2685,763000
2016/5/27,2700,2715,2670,2685,670000
2016/5/30,2700,2760,2690,2755,744000
2016/5/31,2755,2785,2720,2720,721000
2016/6/1,2740,2840,2735,2830,1131000
2016/6/2,2870,2910,2825,2830,914000
2016/6/3,2850,2875,2840,2855,378000
2016/6/6,2935,2945,2870,2890,750000
2016/6/7,2920,3025,2905,3020,1317000
2016/6/8,3030,3035,2980,3000,898000
2016/6/13,2945,2960,2900,2925,710000
2016/6/14,2925,3015,2910,3015,626000
2016/6/15,3025,3080,2985,3065,651000
2016/6/16,3020,3020,2955,2955,956000
2016/6/17,3005,3025,2965,2965,554000
2016/6/20,3000,3020,2980,2985,400000
2016/6/21,2990,3035,2980,3035,490000
2016/6/22,3030,3060,3025,3050,495000
2016/6/23,3065,3085,3035,3080,477000
2016/6/24,3075,3090,2825,2900,1241000
2016/6/27,2900,2900,2800,2810,1213000
2016/6/28,2790,2915,2780,2910,777000
2016/6/29,2935,2975,2920,2920,662000
2016/6/30,2975,2975,2930,2945,551000
2016/7/1,2960,2985,2925,2965,493000
2016/7/4,2950,2995,2945,2985,362000
2016/7/5,2980,2980,2950,2950,340000
2016/7/6,2915,2935,2860,2860,693000
2016/7/7,2900,2925,2875,2875,504000
2016/7/8,2875,2875,2875,2875,0
2016/7/11,2990,2990,2940,2990,730000
2016/7/12,3015,3195,3015,3180,1306000
2016/7/13,3180,3180,3125,3175,612000
2016/7/14,3125,3145,3080,3120,593000
2016/7/15,3280,3430,3260,3430,2028000
2016/7/18,3500,3525,3445,3505,1099000
2016/7/19,3490,3495,3440,3450,665000
2016/7/20,3400,3425,3380,3400,829000
2016/7/21,3375,3460,3360,3385,857000
2016/7/22,3415,3415,3340,3380,687000
2016/7/25,3385,3430,3340,3340,497000
2016/7/26,3350,3410,3325,3410,531000
2016/7/27,3460,3595,3445,3515,910000
2016/7/28,3525,3580,3500,3500,692000
2016/7/29,3515,3515,3420,3420,487000
2016/8/1,3455,3520,3450,3510,538000
2016/8/2,3525,3605,3520,3585,608000
2016/8/3,3515,3555,3515,3545,445000
2016/8/4,3590,3640,3590,3590,582000
2016/8/5,3645,3650,3595,3635,470000
2016/8/8,3820,3945,3775,3815,1208000
2016/8/9,3785,3825,3780,3780,647000
2016/8/10,3785,3880,3785,3820,460000
2016/8/11,3795,3840,3740,3750,637000
2016/8/12,3800,3810,3760,3800,584000
2016/8/15,3795,3805,3730,3735,644000
2016/8/16,3760,3820,3755,3775,454000
2016/8/17,3775,3800,3750,3775,572000
2016/8/18,3730,3760,3655,3655,701000
2016/8/19,3690,3720,3610,3610,541000
2016/8/22,3600,3635,3570,3580,467000
2016/8/23,3630,3670,3615,3640,384000
2016/8/24,3640,3650,3615,3635,246000
2016/8/25,3640,3665,3580,3585,446000
2016/8/26,3595,3660,3590,3655,425000
2016/8/29,3625,3640,3585,3620,242000
2016/8/30,3600,3635,3515,3580,802000
2016/8/31,3600,3610,3540,3560,405000
2016/9/1,3635,3740,3625,3705,872000
2016/9/2,3720,3720,3635,3650,549000
2016/9/5,3660,3710,3660,3695,384000
2016/9/6,3715,3745,3650,3660,571000
2016/9/7,3690,3735,3675,3710,387000
2016/9/8,3730,3735,3660,3675,456000
2016/9/9,3640,3645,3565,3620,615000
2016/9/12,3350,3375,3315,3335,1081000
2016/9/13,3425,3495,3395,3495,1103000
2016/9/14,3510,3610,3510,3600,988000
2016/9/19,3740,3865,3710,3805,1565000
2016/9/20,3815,3850,3795,3815,721000
2016/9/21,3775,3840,3755,3825,503000
2016/9/22,3870,3870,3775,3780,434000
2016/9/23,3770,3830,3765,3825,416000
2016/9/26,3795,3795,3730,3770,385000
2016/9/27,3770,3770,3770,3770,0
2016/9/28,3770,3770,3770,3770,0
2016/9/29,3805,3870,3775,3850,772000
2016/9/30,3760,3810,3760,3795,479000
2016/10/3,3815,3880,3815,3840,398000
2016/10/4,3840,3930,3830,3910,470000
2016/10/5,3910,3980,3870,3870,591000
2016/10/6,3895,3895,3775,3805,659000
2016/10/7,3790,3800,3765,3770,424000
2016/10/11,3750,3815,3665,3680,775000
2016/10/12,3710,3800,3710,3800,566000
2016/10/13,3820,3850,3700,3730,851000
2016/10/14,3655,3750,3650,3665,971000
2016/10/17,3690,3720,3630,3695,529000
2016/10/18,3670,3705,3670,3700,346000
2016/10/19,3715,3740,3695,3710,514000
2016/10/20,3700,3710,3650,3675,378000
2016/10/21,3685,3730,3675,3710,294000
2016/10/24,3720,3790,3710,3770,473000
2016/10/25,3780,3815,3710,3715,474000
2016/10/26,3670,3785,3655,3780,593000
2016/10/27,3750,3775,3715,3715,323000
2016/10/28,3735,3750,3695,3735,232000
2016/10/31,3735,3745,3695,3735,249000
2016/11/1,3715,3725,3650,3650,438000
2016/11/2,3645,3645,3565,3570,501000
2016/11/3,3565,3610,3515,3515,432000
2016/11/4,3500,3530,3480,3495,436000
2016/11/7,3450,3625,3450,3565,866000
2016/11/8,3595,3600,3520,3535,492000
2016/11/9,3590,3615,3325,3340,1183000
2016/11/10,3505,3565,3495,3545,937000
2016/11/11,3455,3475,3360,3395,1049000
2016/11/14,3390,3415,3210,3280,1259000
2016/11/15,3280,3345,3250,3325,765000
2016/11/16,3370,3415,3370,3385,567000
2016/11/17,3385,3390,3340,3355,452000
2016/11/18,3390,3515,3375,3500,663000
2016/11/21,3500,3530,3475,3500,411000
2016/11/22,3555,3590,3510,3510,564000
2016/11/23,3530,3565,3510,3520,382000
2016/11/24,3520,3535,3480,3515,238000
2016/11/25,3535,3580,3520,3570,333000
2016/11/28,3595,3630,3575,3620,328000
2016/11/29,3610,3670,3600,3640,370000
2016/11/30,3650,3690,3630,3690,480000
2016/12/1,3700,3715,3645,3650,450000
2016/12/2,3680,3685,3600,3610,505000
2016/12/5,3610,3630,3570,3580,248000
2016/12/6,3665,3770,3650,3675,808000
2016/12/7,3750,3755,3710,3750,600000
2016/12/8,3810,3810,3740,3750,671000
2016/12/9,3705,3750,3705,3730,363000
2016/12/12,3750,3755,3730,3735,332000
2016/12/13,3700,3750,3695,3750,376000
2016/12/14,3750,3750,3720,3735,353000
2016/12/15,3700,3725,3685,3695,496000
2016/12/16,3710,3750,3705,3750,503000
2016/12/19,3715,3730,3665,3665,391000
2016/12/20,3675,3700,3620,3620,405000
2016/12/21,3625,3680,3625,3640,361000
2016/12/22,3640,3650,3600,3600,250000
2016/12/23,3570,3595,3550,3550,337000
2016/12/26,3575,3590,3540,3570,120000
2016/12/27,3570,3595,3570,3590,76000
2016/12/28,3660,3750,3645,3725,535000
2016/12/29,3725,3770,3710,3725,566000
2016/12/30,3750,3805,3750,3790,524000
2017/1/3,3805,3810,3780,3795,214000
2017/1/4,3815,3820,3780,3780,339000
2017/1/5,3840,4050,3840,4050,1602000
2017/1/6,4050,4155,4025,4145,1051000
2017/1/9,4175,4245,3995,4010,784000
2017/1/10,3990,4135,3990,4135,513000
2017/1/11,4180,4230,4170,4170,627000
2017/1/12,4140,4240,4130,4240,571000
2017/1/13,4240,4240,4175,4240,618000
2017/1/16,4220,4250,4195,4250,313000
2017/1/17,4260,4410,4260,4400,784000
2017/1/18,4390,4450,4370,4445,574000
2017/1/19,4410,4420,4275,4295,701000
2017/1/20,4280,4390,4220,4390,717000
2017/1/23,4380,4455,4335,4355,538000
2017/1/24,4440,4475,4400,4450,773000
2017/2/2,4550,4580,4490,4550,1105000
2017/2/3,4530,4560,4450,4490,542000
2017/2/6,4500,4520,4425,4505,416000
2017/2/7,4520,4525,4455,4480,414000
2017/2/8,4485,4530,4470,4470,385000
2017/2/9,4515,4630,4500,4610,692000
2017/2/10,4610,4810,4610,4740,675000
2017/2/13,4730,4780,4685,4705,320000
2017/2/14,4660,4770,4660,4715,495000
2017/2/15,4715,4735,4695,4695,344000
2017/2/16,4715,4780,4540,4560,731000
2017/2/17,4585,4625,4530,4530,653000
2017/2/20,4510,4650,4480,4495,465000
2017/2/21,4515,4560,4495,4560,235000
2017/2/22,4640,4730,4635,4680,603000
2017/2/23,4725,4800,4720,4745,458000
2017/2/24,4745,4745,4560,4560,624000
2017/3/1,4510,4555,4475,4475,700000
2017/3/2,4560,4600,4450,4485,564000
2017/3/3,4450,4535,4450,4465,310000
2017/3/6,4530,4560,4495,4500,360000
2017/3/7,4500,4535,4400,4445,382000
2017/3/8,4480,4490,4410,4440,309000
2017/3/9,4455,4485,4390,4485,329000
2017/3/10,4470,4505,4435,4505,268000
2017/3/13,4525,4660,4525,4650,529000
2017/3/14,4695,4710,4615,4645,302000
2017/3/15,4640,4640,4570,4590,319000
2017/3/16,4640,4680,4640,4665,318000
2017/3/17,4685,4760,4650,4760,287000
2017/3/20,4750,4760,4710,4720,167000
2017/3/21,4750,4850,4750,4810,398000
2017/3/22,4725,4765,4685,4740,408000
2017/3/23,4795,4800,4740,4750,161000
2017/3/24,4785,4795,4730,4790,248000
2017/3/27,4785,4815,4740,4795,194000
2017/3/28,4800,4815,4685,4735,374000
2017/3/29,4750,4750,4690,4690,345000
2017/3/30,4715,4740,4690,4690,276000
2017/3/31,4690,4790,4690,4780,284000
2017/4/5,4820,4840,4715,4820,485000
2017/4/6,4675,4705,4600,4600,866000
2017/4/7,4600,4705,4540,4700,650000
2017/4/10,4730,4730,4615,4615,223000
2017/4/11,4585,4635,4520,4520,381000
2017/4/12,4520,4540,4435,4475,564000
2017/4/13,4425,4495,4385,4410,573000
2017/4/14,4650,4820,4630,4800,1271000
2017/4/17,4815,4815,4730,4780,346000
2017/4/18,4810,4810,4765,4780,242000
2017/4/19,4745,4760,4720,4720,305000
2017/4/20,4720,4810,4700,4725,338000
2017/4/21,4795,4885,4780,4875,653000
2017/4/24,4905,4980,4845,4895,481000
2017/4/25,4905,4970,4855,4970,442000
2017/4/26,4970,5010,4955,5000,505000
2017/4/27,4975,5015,4965,5010,176000
2017/4/28,4985,5015,4985,5015,227000
2017/5/2,5015,5070,5000,5000,305000
2017/5/3,4975,5040,4970,5020,171000
2017/5/4,5000,5030,4970,4970,246000
2017/5/5,4970,5010,4935,4935,223000
2017/5/8,4960,4965,4870,4935,358000
2017/5/9,4950,5030,4905,4995,326000
2017/5/10,4975,4990,4945,4945,165000
2017/5/11,4975,5015,4940,4960,276000
2017/5/12,4945,4970,4875,4885,314000
2017/5/15,4900,4915,4855,4900,225000
2017/5/16,4920,4925,4870,4870,254000
2017/5/17,4865,4880,4795,4820,388000
2017/5/18,4755,4920,4755,4855,476000
2017/5/19,4855,4865,4810,4810,300000
2017/5/22,4880,4900,4840,4900,174000
2017/5/23,4890,4895,4855,4875,211000
2017/5/24,4885,4895,4855,4860,228000
2017/5/25,4860,4880,4800,4805,309000
2017/5/26,4815,4860,4805,4835,298000
2017/5/31,4825,4825,4750,4750,382000
2017/6/1,4750,4800,4705,4715,375000
2017/6/2,4765,4845,4760,4845,361000
2017/6/5,4850,4865,4800,4850,234000
2017/6/6,4850,4850,4790,4790,222000
2017/6/7,4790,4870,4765,4765,343000
2017/6/8,4790,4830,4775,4775,250000
2017/6/9,4800,4870,4800,4840,324000
2017/6/12,4780,4820,4780,4805,144000
2017/6/13,4815,4855,4790,4810,283000
2017/6/14,4830,4845,4680,4695,416000
2017/6/15,4720,4750,4670,4695,387000
2017/6/16,4680,4750,4635,4730,376000
2017/6/19,4730,4845,4730,4835,329000
2017/6/20,4810,4890,4810,4845,245000
2017/6/21,4850,4890,4825,4835,363000
2017/6/22,4850,4890,4840,4890,217000
2017/6/23,4915,4985,4915,4965,484000
2017/6/26,4945,5010,4920,5000,265000
2017/6/27,5020,5040,4970,4970,285000
2017/6/28,4970,4980,4860,4860,434000
2017/6/29,4930,4960,4885,4895,268000
2017/6/30,4885,4890,4810,4850,360000
2017/7/3,4840,4840,4760,4760,352000
2017/7/4,4790,4815,4765,4770,255000
2017/7/5,4800,4830,4770,4815,258000
2017/7/6,4890,4970,4885,4970,557000
2017/7/7,4915,4965,4915,4960,330000
2017/7/10,4970,5095,4970,5090,627000
2017/7/11,5190,5325,5160,5285,850000
2017/7/12,5290,5430,5260,5430,650000
2017/7/13,5435,5450,5305,5335,459000
2017/7/14,5125,5195,5115,5170,1108000
2017/7/17,5170,5270,5115,5210,692000
2017/7/18,5295,5450,5260,5450,697000
2017/7/19,5500,5610,5490,5580,746000
2017/7/20,5595,5635,5510,5580,572000
2017/7/21,5525,5530,5425,5425,453000
2017/7/24,5380,5495,5380,5485,316000
2017/7/25,5535,5600,5520,5600,318000
2017/7/26,5600,5610,5495,5495,378000
2017/7/27,5515,5600,5515,5520,342000
2017/7/28,5520,5530,5420,5445,393000
2017/7/31,5435,5510,5415,5510,301000
2017/8/1,5545,5550,5500,5500,312000
2017/8/2,5645,5810,5620,5765,690000
2017/8/3,5750,5750,5655,5705,319000
2017/8/4,5670,5750,5665,5740,268000
2017/8/7,5750,5790,5695,5695,239000
2017/8/8,5760,5760,5650,5650,266000
2017/8/9,5615,5640,5540,5540,263000
2017/8/10,5545,5550,5350,5380,469000
2017/8/11,5410,5565,5410,5565,392000
2017/8/14,5635,5640,5490,5510,212000
2017/8/15,5625,5670,5580,5600,261000
2017/8/16,5560,5635,5560,5565,397000
2017/8/17,5525,5565,5525,5540,264000
2017/8/18,5485,5565,5480,5530,140000
2017/8/21,5520,5590,5505,5565,111264
2017/8/22,5575,5645,5575,5605,251470
2017/8/23,5640,5685,5640,5680,238562
2017/8/24,5700,6020,5690,6000,862405
2017/8/25,6000,6075,5955,6000,484084
2017/8/28,5995,6015,5820,5825,434652
2017/8/29,5830,5850,5705,5730,459653
2017/8/30,5805,5895,5800,5820,416012
2017/8/31,5875,5875,5790,5830,222193
2017/9/1,5850,5890,5820,5870,262617
2017/9/4,5870,5945,5845,5845,279288
2017/9/5,5855,5945,5855,5935,221734
2017/9/6,5980,5995,5850,5895,334760
2017/9/7,5955,6000,5895,5945,364379
2017/9/8,5990,5995,5955,5970,266116
2017/9/11,5980,5985,5815,5825,321421
2017/9/12,5880,5925,5790,5860,388312
2017/9/13,5860,5860,5635,5635,773425
2017/9/14,5640,5675,5595,5650,523740
2017/9/15,5590,5750,5530,5720,598700
2017/9/18,5805,5845,5745,5820,266175
2017/9/19,5850,5915,5805,5835,396871
2017/9/20,5870,5870,5650,5690,500771
2017/9/21,5605,5730,5590,5700,509241
2017/9/22,5650,5720,5365,5365,851032
2017/9/25,5300,5475,5260,5330,993474
2017/9/26,5300,5350,5115,5115,1093271
2017/9/27,5300,5450,5300,5400,877897
2017/9/28,5475,5475,5345,5370,557091
2017/9/29,5335,5390,5300,5330,455510
2017/10/2,5410,5570,5410,5455,402843
2017/10/3,5490,5550,5440,5545,307820
2017/10/5,5610,5640,5570,5590,248016
2017/10/6,5590,5635,5430,5490,444506
2017/10/11,5570,5600,5420,5420,381418
2017/10/12,5495,5660,5495,5635,549924
2017/10/13,5505,5600,5495,5550,721144
2017/10/16,5590,5775,5575,5775,688842
2017/10/17,5800,5850,5690,5725,528285
2017/10/18,5760,5765,5555,5595,592855
2017/10/19,5625,5745,5610,5745,329446
2017/10/20,5635,5675,5570,5575,423969
2017/10/23,5640,5640,5515,5530,265690
2017/10/24,5580,5625,5520,5590,220083
2017/10/25,5610,5635,5570,5630,178119
2017/10/26,5645,5715,5565,5565,286817
2017/10/27,5625,5695,5550,5555,224452
2017/10/30,5700,5800,5680,5730,678465
2017/10/31,5755,5795,5700,5715,263347
2017/11/1,5790,5800,5750,5780,211588
2017/11/2,5750,5775,5730,5775,154674
2017/11/3,5830,5995,5830,5985,592170
2017/11/6,5950,5950,5825,5875,462126
2017/11/7,5930,5930,5870,5885,144639
2017/11/8,5895,5990,5885,5905,329638
2017/11/9,5880,5940,5720,5755,286117
2017/11/10,5750,5775,5670,5740,271191
2017/11/13,5740,5760,5685,5700,185427
2017/11/14,5685,5700,5570,5585,272683
2017/11/15,5570,5640,5545,5630,282191
2017/11/16,5610,5660,5560,5600,179821
2017/11/17,5680,5680,5550,5555,290486
2017/11/20,5560,5625,5505,5550,274206
2017/11/21,5595,5600,5500,5515,423889
2017/11/22,5570,5615,5520,5555,594053
2017/11/23,5620,5620,5535,5535,233679
2017/11/24,5570,5590,5540,5580,163842
2017/11/27,5610,5625,5320,5330,590226
2017/11/28,5330,5405,5180,5340,756535
2017/11/29,5380,5415,5220,5240,379290
2017/11/30,5110,5240,5100,5140,788213
2017/12/1,5140,5185,4740,5010,1538815
2017/12/4,4900,5000,4765,4800,921908
2017/12/5,4755,4925,4680,4730,901035
2017/12/6,4430,4575,4260,4265,3058491
2017/12/7,4385,4415,4280,4300,1952355
2017/12/8,4370,4425,4305,4370,1470878
2017/12/11,4440,4465,4380,4430,640005
2017/12/12,4440,4445,4275,4430,828561
2017/12/13,4385,4430,4380,4400,513666
2017/12/14,4445,4465,4300,4300,566375
2017/12/15,4300,4300,4100,4180,1266638
2017/12/18,4200,4325,4070,4305,939473
2017/12/19,4305,4305,4180,4180,643877
2017/12/20,4180,4235,4150,4230,426694
2017/12/21,4210,4245,4130,4130,423951
2017/12/22,4150,4220,4115,4200,464872
2017/12/25,4215,4215,4000,4000,453786
2017/12/26,4010,4015,3945,4000,659943
2017/12/27,4005,4060,3800,3805,837996
2017/12/28,3875,4105,3870,4040,990702
2017/12/29,4055,4120,4015,4020,403908
2018/1/2,4055,4265,4010,4255,742841
2018/1/3,4345,4345,4145,4145,842640
2018/1/4,4160,4185,4080,4135,510680
2018/1/5,4170,4170,3985,4100,829378
2018/1/8,3820,3955,3805,3930,1180977
2018/1/9,3905,3975,3730,3745,1375362
2018/1/10,3780,3815,3725,3775,963748
2018/1/11,3800,3875,3730,3730,838946
2018/1/12,3920,4100,3890,4100,1571018
2018/1/15,4255,4270,3980,4030,1557355
2018/1/16,3980,4035,3955,4000,668791
2018/1/17,4000,4000,3930,3980,609157
2018/1/18,4020,4050,3985,3985,733228
2018/1/19,4000,4040,3985,4000,785717
2018/1/22,4010,4030,3980,4000,608001
2018/1/23,4025,4065,3965,3965,645200
2018/1/24,3955,3980,3770,3790,1163018
2018/1/25,3810,3900,3745,3790,1135248
2018/1/26,3845,3925,3810,3880,807341
2018/1/29,3960,4035,3920,4035,687864
2018/1/30,4000,4065,3975,4055,740592
2018/1/31,4010,4090,3990,4005,652523
2018/2/1,4020,4085,4005,4080,396316
2018/2/2,4120,4145,3980,3980,588737
2018/2/5,3820,3860,3775,3800,725743
2018/2/6,3520,3560,3420,3420,1696946
2018/2/7,3595,3760,3550,3655,1553201
2018/2/8,3655,3750,3655,3725,886886
2018/2/9,3560,3635,3535,3575,771119
2018/2/12,3605,3715,3605,3680,581020
2018/2/21,3780,4025,3780,3950,1347081
2018/2/22,3905,3915,3840,3845,637877
2018/2/23,3915,4015,3895,3950,673114
2018/2/26,4020,4045,3780,3780,701341
2018/2/27,3850,3865,3695,3695,637141
2018/3/1,3710,3920,3700,3900,859927
2018/3/2,3850,3900,3835,3870,473175
2018/3/5,3860,3860,3675,3700,712682
2018/3/6,3715,3750,3655,3655,1076391
2018/3/7,3620,3690,3600,3690,708611
2018/3/8,3700,3760,3685,3715,406676
2018/3/9,3790,3860,3750,3860,633785
2018/3/12,3995,4015,3940,3955,760482
2018/3/13,4015,4085,4010,4045,755652
2018/3/14,4000,4035,3960,3960,496843
2018/3/15,3870,3895,3785,3785,798527
2018/3/16,3805,3840,3690,3690,900428
2018/3/19,3710,3720,3655,3710,560452
2018/3/20,3650,3670,3550,3555,1300237
2018/3/21,3610,3695,3605,3650,745528
2018/3/22,3705,3760,3570,3595,966628
2018/3/23,3450,3510,3400,3400,1011553
2018/3/26,3410,3510,3410,3500,669053
2018/3/27,3580,3600,3420,3420,757064
2018/3/28,3345,3405,3315,3365,905614
2018/3/29,3415,3415,3315,3315,570705
2018/3/30,3365,3390,3330,3330,498897
2018/4/2,3330,3385,3180,3185,590894
2018/4/3,3065,3195,3005,3185,1694284
2018/4/9,3140,3225,3000,3000,1208694
2018/4/10,3005,3250,3000,3250,1361490
2018/4/11,3340,3350,3210,3230,678815
2018/4/12,3270,3345,3215,3300,576497
2018/4/13,3380,3525,3230,3460,2253756
2018/4/16,3430,3575,3390,3550,1106510
2018/4/17,3525,3645,3475,3580,1239636
2018/4/18,3540,3625,3525,3525,892212
2018/4/19,3465,3515,3455,3490,936684
2018/4/20,3410,3455,3370,3420,823800
2018/4/23,3420,3450,3255,3255,821004
2018/4/24,3270,3315,3220,3220,845864
2018/4/25,3225,3310,3225,3250,493376
2018/4/26,3280,3350,3280,3295,565742
2018/4/27,3340,3370,3240,3265,612516
2018/4/30,3300,3500,3270,3480,670461
2018/5/2,3560,3720,3535,3700,1491716
2018/5/3,3800,3830,3680,3685,1483874
2018/5/4,3685,3735,3630,3640,686563
2018/5/7,3870,4000,3870,4000,1899026
2018/5/8,4020,4070,3975,3990,836783
2018/5/9,4065,4165,3990,4000,1055845
2018/5/10,4090,4095,3980,3980,557109
2018/5/11,4025,4080,4000,4075,759464
2018/5/14,4130,4205,4090,4205,779217
2018/5/15,4240,4240,4090,4090,882871
2018/5/16,4040,4120,4020,4050,400301
2018/5/17,4080,4105,3920,3920,564427
2018/5/18,4020,4095,3970,4010,799942
2018/5/21,4050,4080,4010,4040,500425
2018/5/22,4040,4055,3970,3980,450305
2018/5/23,3980,4005,3915,3920,476219
2018/5/24,3965,4025,3935,4000,611096
2018/5/25,4000,4025,3980,3995,356263
2018/5/28,4035,4125,4025,4085,818287
2018/5/29,4165,4270,4120,4255,892649
2018/5/30,4205,4260,4180,4200,651770
2018/5/31,4230,4250,4030,4100,1326714
2018/6/1,4110,4270,4110,4245,671207
2018/6/4,4280,4460,4280,4415,924953
2018/6/5,4420,4520,4355,4450,839084
2018/6/6,4690,4690,4550,4625,1445824
2018/6/7,4650,4680,4575,4645,623495
2018/6/8,4650,4745,4545,4545,713223
2018/6/11,4550,4590,4450,4550,552395
2018/6/12,4580,4580,4440,4440,456758
2018/6/13,4665,4735,4580,4730,975333
2018/6/14,4680,4685,4620,4620,636812
2018/6/15,4635,4655,4560,4590,528817
2018/6/19,4505,4520,4350,4350,1078867
2018/6/20,4360,4440,4315,4405,787549
2018/6/21,4445,4560,4440,4495,543829
2018/6/22,4445,4445,4290,4370,744242
2018/6/25,4315,4440,4315,4440,335841
2018/6/26,4395,4525,4360,4525,405554
2018/6/27,4550,4615,4360,4360,628373
2018/6/28,4320,4465,4310,4360,622215
2018/6/29,4440,4490,4405,4490,360292
2018/7/2,4500,4610,4480,4560,525478
2018/7/3,4600,4640,4485,4530,539739
2018/7/4,4525,4570,4435,4450,295937
2018/7/5,4510,4580,4470,4540,434907
2018/7/6,4610,4635,4545,4605,613544
2018/7/9,4680,4985,4655,4920,1123293
2018/7/10,4980,4980,4830,4840,682302
2018/7/11,4765,4840,4730,4800,644485
2018/7/12,4875,5005,4875,4930,904090
2018/7/13,5075,5075,4920,5040,1092062
2018/7/16,5090,5130,5030,5040,697417
2018/7/17,5030,5080,4960,4995,412335
2018/7/18,5020,5065,4990,5020,414744
2018/7/19,5055,5170,5035,5055,640947
2018/7/20,5110,5295,5090,5270,1357205
2018/7/23,5240,5260,5150,5175,522951
2018/7/24,5195,5240,5085,5200,459964
2018/7/25,5175,5225,5150,5225,359853
2018/7/26,5260,5260,5155,5200,296820
2018/7/27,5200,5265,5175,5260,265278
2018/7/30,5220,5235,5165,5180,408942
2018/7/31,5150,5175,5090,5150,450658
2018/8/1,5240,5330,5040,5050,849500
2018/8/2,5080,5140,4995,5005,624131
2018/8/3,5090,5135,5080,5130,413517
2018/8/6,5180,5240,5115,5130,484266
2018/8/7,5135,5135,4990,5015,403359
2018/8/8,5035,5125,5015,5060,396462
2018/8/9,5025,5100,4995,5100,227830
2018/8/10,5110,5110,5060,5080,203280
2018/8/13,5070,5070,4575,4630,1185999
2018/8/14,4715,4760,4500,4630,938678
2018/8/15,4600,4600,4400,4455,1417300
2018/8/16,4355,4630,4350,4520,819517
2018/8/17,4505,4650,4430,4430,444958
2018/8/20,4450,4590,4450,4590,397017
2018/8/21,4595,4730,4535,4700,659276
2018/8/22,4695,4715,4490,4490,567746
2018/8/23,4540,4560,4455,4485,507216
2018/8/24,4470,4515,4465,4505,323162
2018/8/27,4575,4615,4530,4615,318162
2018/8/28,4715,4790,4695,4765,666352
2018/8/29,4780,4840,4735,4760,363938
2018/8/30,4815,4830,4710,4745,306277
2018/8/31,4735,4740,4645,4705,355451
2018/9/3,4755,4800,4640,4690,492244
2018/9/4,4845,4890,4770,4890,685334
2018/9/5,4900,4945,4870,4890,612348
2018/9/6,4645,4695,4515,4640,1055262
2018/9/7,4600,4730,4580,4730,647914
2018/9/10,4680,4725,4305,4360,1054919
2018/9/11,4370,4490,4330,4340,758724
2018/9/12,4380,4380,4070,4210,1169971
2018/9/13,4210,4265,4055,4110,1252091
2018/9/14,4315,4405,4240,4405,933762
2018/9/17,4410,4410,4285,4285,523665
2018/9/18,4200,4200,3860,3860,2002372
2018/9/19,3865,3910,3810,3865,1252697
2018/9/20,3900,3945,3770,3800,1361765
2018/9/21,3595,3870,3425,3870,2444648
2018/9/25,3760,3810,3680,3730,955647
2018/9/26,3755,3785,3705,3770,473929
2018/9/27,3720,3895,3680,3780,741174
2018/9/28,3825,3880,3630,3635,891072
2018/10/1,3700,3775,3670,3740,560901
2018/10/2,3765,3790,3725,3790,449512
2018/10/3,3805,3835,3680,3720,515223
2018/10/4,3690,3750,3660,3710,624034
2018/10/5,3680,3700,3440,3440,1279971
2018/10/8,3455,3600,3450,3510,942987
2018/10/9,3530,3600,3520,3590,674056
2018/10/11,3400,3400,3235,3235,1440690
2018/10/12,3275,3555,3205,3555,1596023
2018/10/15,3455,3600,3420,3480,930391
2018/10/16,3450,3480,3280,3330,948490
2018/10/17,3460,3485,3325,3330,788727
2018/10/18,3350,3415,3295,3315,611162
2018/10/19,3290,3415,3210,3415,926006
2018/10/22,3360,3510,3325,3505,754466
2018/10/23,3445,3485,3320,3335,695950
2018/10/24,3380,3430,3360,3385,669785
2018/10/25,3235,3310,3210,3290,1019830
2018/10/26,3370,3395,3210,3210,789165
2018/10/29,3250,3295,3120,3295,723412
2018/10/30,3285,3295,3165,3165,767415
2018/10/31,3245,3350,3240,3350,826351
2018/11/1,3340,3445,3310,3335,969012
2018/11/2,3235,3540,3235,3525,1709555
2018/11/5,3485,3500,3390,3435,617281
2018/11/6,3390,3425,3180,3220,1180750
2018/11/7,3250,3310,3160,3280,940439
2018/11/8,3380,3395,3200,3200,711804
2018/11/9,3200,3230,3040,3080,1177637
2018/11/12,3055,3150,3020,3050,1013855
2018/11/13,2925,3200,2875,3200,1426956
2018/11/14,3180,3205,3130,3190,697083
2018/11/15,3190,3190,3055,3095,819588
2018/11/16,3160,3210,3115,3130,713709
2018/11/19,3135,3235,3135,3235,598836
2018/11/20,3190,3315,3155,3315,768367
2018/11/21,3275,3345,3240,3345,887687
2018/11/22,3350,3445,3265,3275,822283
2018/11/23,3330,3335,3260,3310,597612
2018/11/26,3345,3450,3330,3450,567845
2018/11/27,3400,3510,3370,3485,798142
2018/11/28,3490,3500,3435,3475,539021
2018/11/29,3625,3630,3515,3515,936002
2018/11/30,3505,3505,3365,3370,737065
2018/12/3,3475,3705,3475,3705,1642048
2018/12/4,3660,3680,3500,3500,1127442
2018/12/5,3395,3415,3325,3370,846315
2018/12/6,3150,3200,3035,3035,1859842
2018/12/7,3075,3175,3050,3100,1248081
2018/12/10,3030,3065,2970,3055,886891
2018/12/11,3090,3235,3090,3175,902924
2018/12/12,3250,3350,3245,3345,748608
2018/12/13,3355,3405,3250,3320,832916
2018/12/14,3270,3300,3235,3260,443393
2018/12/17,3280,3345,3210,3300,545769
2018/12/18,3230,3330,3230,3250,438812
2018/12/19,3300,3325,3265,3320,427366
2018/12/20,3265,3320,3210,3225,474574
2018/12/21,3180,3270,3090,3270,941311
2018/12/24,3255,3285,3240,3270,274359
2018/12/25,3165,3205,3160,3165,347709
2018/12/26,3200,3230,3115,3125,320010
2018/12/27,3220,3240,3135,3135,662246
2018/12/28,3190,3215,3125,3215,590895
2019/1/2,3240,3280,3060,3060,941895
2019/1/3,3000,3050,2960,3030,1122574
2019/1/4,2965,2990,2880,2905,1203571
2019/1/7,3015,3165,3015,3105,1281020
2019/1/8,3125,3160,3080,3145,613739
2019/1/9,3155,3360,3155,3335,1444358
2019/1/10,3285,3315,3250,3280,496274
2019/1/11,3480,3600,3435,3550,1395523
2019/1/14,3530,3620,3500,3570,766663
2019/1/15,3520,3600,3485,3600,713521
2019/1/16,3625,3655,3555,3570,580821
2019/1/17,3615,3635,3540,3540,403192
2019/1/18,3565,3790,3530,3785,1210812
2019/1/21,3850,3870,3715,3720,821863
2019/1/22,3720,3760,3660,3750,371296
2019/1/23,3700,3770,3680,3710,445397
2019/1/24,3730,3845,3725,3725,749910
2019/1/25,3790,3805,3725,3740,633354
2019/1/28,3740,3765,3715,3720,402534
2019/1/29,3680,3780,3665,3780,432501
2019/1/30,3805,3825,3765,3780,510753
2019/2/11,3870,3975,3865,3975,1020434
2019/2/12,4035,4045,3980,4000,733175
2019/2/13,4030,4065,3970,3990,596806
2019/2/14,3970,4035,3955,3990,491664
2019/2/15,3990,4000,3865,3930,486035
2019/2/18,4000,4010,3965,3970,380365
2019/2/19,3990,4015,3975,3980,293482
2019/2/20,4000,4120,4000,4095,694500
2019/2/21,4120,4150,4055,4150,451240
2019/2/22,4125,4255,4100,4255,564009
2019/2/25,4325,4410,4310,4390,932731
2019/2/26,4385,4385,4300,4330,643020
2019/2/27,4295,4380,4255,4360,500730
2019/3/4,4510,4520,4360,4365,926626
2019/3/5,4385,4470,4370,4370,743076
2019/3/6,4455,4495,4375,4495,789458
2019/3/7,4480,4530,4455,4490,723558
2019/3/8,4440,4485,4375,4485,567817
2019/3/11,4470,4505,4450,4490,422669
2019/3/12,4575,4715,4575,4620,977942
2019/3/13,4625,4750,4625,4750,811217
2019/3/14,4765,4805,4750,4785,972808
2019/3/15,4770,4795,4640,4640,730625
2019/3/18,4670,4715,4660,4670,367470
2019/3/19,4705,4720,4660,4720,454975
2019/3/20,4760,4810,4695,4695,666952
2019/3/21,4720,4750,4685,4745,426464
2019/3/22,4815,4835,4665,4665,472139
2019/3/25,4555,4575,4455,4495,885363
2019/3/26,4520,4635,4520,4620,644737
2019/3/27,4530,4675,4520,4645,607431
2019/3/28,4670,4675,4600,4635,414193
2019/3/29,4695,4695,4600,4600,498499
2019/4/1,4660,4670,4480,4480,753248
2019/4/2,4555,4650,4525,4625,665749
2019/4/3,4610,4660,4535,4550,589966
2019/4/8,4750,4760,4565,4600,831743
2019/4/9,4655,4850,4630,4850,1005076
2019/4/10,4850,4865,4755,4770,1010608
2019/4/11,4850,4850,4680,4690,933258
2019/4/12,4690,4730,4570,4600,1069213
2019/4/15,4650,4665,4595,4600,796138
2019/4/16,4600,4705,4595,4705,493783
2019/4/17,4730,4735,4590,4625,701651
2019/4/18,4630,4675,4580,4630,830472
2019/4/19,4690,4705,4585,4585,565971
2019/4/22,4625,4625,4565,4570,290524
2019/4/23,4570,4650,4550,4630,563678
2019/4/24,4640,4670,4620,4670,591170
2019/4/25,4670,4775,4650,4760,713723
2019/4/26,4720,4735,4665,4695,390349
2019/4/29,4690,4720,4590,4665,491148
2019/4/30,4650,4665,4600,4650,334373
2019/5/2,4680,4710,4610,4610,581283
2019/5/3,4610,4700,4610,4675,449060
2019/5/6,4720,4900,4685,4745,1289853
2019/5/7,4800,4840,4770,4775,715608
2019/5/8,4700,4810,4690,4750,651518
2019/5/9,4720,4725,4400,4410,1492610
2019/5/10,4450,4510,4365,4455,971401
2019/5/13,4395,4410,4230,4250,879676
2019/5/14,4190,4295,4120,4275,919746
2019/5/15,4275,4320,4230,4265,668218
2019/5/16,4215,4265,4175,4250,560954
2019/5/17,4275,4285,3850,3850,1703036
2019/5/20,3890,4045,3890,3985,885138
2019/5/21,3940,4065,3885,4060,891652
2019/5/22,4060,4125,4045,4085,478891
2019/5/23,3950,3950,3770,3800,1261905
2019/5/24,3800,3935,3775,3775,1088658
2019/5/27,3760,3780,3565,3690,1282207
2019/5/28,3690,3795,3660,3745,846790
2019/5/29,3605,3650,3580,3615,1001660
2019/5/30,3625,3670,3560,3590,766019
2019/5/31,3620,3820,3620,3770,1151940
2019/6/3,3665,3775,3580,3735,1148063
2019/6/4,3740,3785,3640,3665,548150
2019/6/5,3780,3810,3615,3615,982236
2019/6/6,3255,3510,3255,3470,2631335
2019/6/10,3550,3555,3470,3520,1134618
2019/6/11,3480,3610,3465,3575,902904
2019/6/12,3570,3640,3535,3575,1012859
2019/6/13,3645,3710,3610,3680,1409714
2019/6/14,3650,3710,3620,3630,734476
2019/6/17,3635,3740,3625,3735,583298
2019/6/18,3750,3780,3705,3705,652995
2019/6/19,3900,3985,3865,3985,1361687
2019/6/20,3965,3965,3895,3910,805362
2019/6/21,3940,3950,3810,3810,716178
2019/6/24,3820,3870,3790,3845,510609
2019/6/25,3845,3855,3715,3730,469343
2019/6/26,3715,3760,3700,3700,410109
2019/6/27,3750,3900,3750,3885,1103279
2019/6/28,3870,3885,3825,3855,554039
2019/7/1,4240,4240,4240,4240,788413
2019/7/2,4270,4305,4180,4180,1131965
2019/7/3,4135,4165,3965,3970,1030086
2019/7/4,4020,4035,3950,3955,539265
2019/7/5,3985,4005,3940,3950,487130
2019/7/8,3970,4120,3970,4115,906031
2019/7/9,4060,4085,4015,4020,591049
2019/7/10,4095,4185,4095,4155,663493
2019/7/11,4210,4425,4205,4305,1215184
2019/7/12,4295,4360,4205,4205,970920
2019/7/15,4150,4230,4130,4205,775716
2019/7/16,4235,4325,4235,4260,596351
2019/7/17,4260,4275,4150,4155,654072
2019/7/18,4180,4215,4130,4150,505443
2019/7/19,4230,4250,4140,4140,568395
2019/7/22,4200,4235,4170,4225,474082
2019/7/23,4300,4310,4200,4225,755722
2019/7/24,4270,4305,4240,4255,579355
2019/7/25,4280,4365,4245,4365,706483
2019/7/26,4285,4310,4230,4255,922121
2019/7/29,4205,4240,4190,4205,434638
2019/7/30,4250,4265,4100,4125,690136
2019/7/31,4150,4250,4090,4250,569465
2019/8/1,4235,4285,4175,4225,443358
2019/8/2,4030,4090,3880,3890,1788342
2019/8/5,3900,3970,3830,3875,842727
2019/8/6,3700,3870,3650,3825,1196455
2019/8/7,3885,3900,3790,3790,603437
2019/8/8,3820,3910,3805,3825,714493
2019/8/12,3860,3865,3805,3825,358806
2019/8/13,3780,3800,3725,3730,499117
2019/8/14,3935,3935,3855,3855,856348
2019/8/15,3790,3830,3755,3825,455961
2019/8/16,3855,3855,3770,3820,608824
2019/8/19,3780,3785,3705,3740,912208
2019/8/20,3740,3840,3740,3800,654870
2019/8/21,3765,3855,3765,3830,589753
2019/8/22,3885,3940,3870,3935,830912
2019/8/23,3920,3940,3890,3915,389236
2019/8/26,3740,3790,3740,3760,669250
2019/8/27,3810,3830,3770,3770,431304
2019/8/28,3790,3845,3790,3845,259830
2019/8/29,3850,3885,3825,3845,439041
2019/8/30,3900,3935,3865,3890,576526
2019/9/2,3850,3925,3850,3885,182505
2019/9/3,3925,4015,3910,3950,650682
2019/9/4,4005,4030,3955,3980,536303
2019/9/5,4030,4055,4005,4030,581601
2019/9/6,4110,4135,3940,3980,1507375
2019/9/10,3935,3980,3775,3775,1407273
2019/9/11,3840,3915,3810,3900,1019790
2019/9/12,3990,4020,3965,3995,809206
2019/9/16,3930,4005,3900,4005,795195
2019/9/17,4005,4005,3950,3980,408484
2019/9/18,4020,4240,3990,4210,1456905
2019/9/19,4320,4335,4250,4300,1070079
2019/9/20,4320,4350,4290,4300,897146
2019/9/23,4270,4330,4270,4300,703276
2019/9/24,4295,4310,4235,4240,432066
2019/9/25,4175,4255,4170,4255,510524
2019/9/26,4310,4400,4310,4400,961492
2019/9/27,4425,4470,4385,4450,903363
2019/10/1,4540,4595,4505,4535,1213881
2019/10/2,4530,4550,4490,4530,363709
2019/10/3,4475,4520,4455,4500,560891
2019/10/4,4505,4555,4460,4490,625237
2019/10/7,4505,4520,4470,4480,459478
2019/10/8,4490,4530,4470,4480,470655
2019/10/9,4480,4520,4450,4460,502456
2019/10/14,4540,4570,4460,4460,744887
2019/10/15,4465,4520,4465,4500,583560
2019/10/16,4520,4545,4330,4375,696303
2019/10/17,4380,4425,4355,4395,509046
2019/10/18,4380,4395,4290,4305,610357
2019/10/21,4335,4395,4315,4380,369423
2019/10/22,4405,4420,4365,4390,362697
2019/10/23,4335,4385,4305,4310,496204
2019/10/24,4330,4430,4265,4430,735346
2019/10/25,4370,4420,4335,4350,424584
2019/10/28,4380,4395,4330,4330,306969
2019/10/29,4380,4385,4285,4315,434712
2019/10/30,4325,4340,4290,4320,391612
2019/10/31,4360,4505,4345,4470,921283
2019/11/1,4485,4505,4435,4460,376992
2019/11/4,4540,4575,4515,4570,708531
2019/11/5,4600,4680,4560,4615,721015
2019/11/6,4655,4710,4625,4700,957596
2019/11/7,4700,4700,4595,4665,784072
2019/11/8,4715,4770,4690,4760,707692
2019/11/11,4750,4790,4595,4605,809714
2019/11/12,4630,4635,4525,4540,522276
2019/11/13,4515,4580,4510,4520,318925
2019/11/14,4555,4555,4465,4470,412278
2019/11/15,4515,4545,4490,4500,258255
2019/11/18,4515,4530,4490,4505,312064
2019/11/19,4505,4540,4490,4500,395095
2019/11/20,4535,4545,4410,4435,427537
2019/11/21,4375,4375,4280,4305,764128
2019/11/22,4345,4355,4310,4345,315205
2019/11/25,4375,4485,4355,4460,493924
2019/11/26,4480,4505,4435,4435,618393
2019/11/27,4435,4530,4420,4530,276972
2019/11/28,4530,4530,4470,4485,306052
2019/11/29,4510,4520,4435,4435,279115
2019/12/2,4495,4515,4450,4515,432257
2019/12/3,4465,4490,4460,4470,266006
2019/12/4,4460,4460,4390,4400,537485
2019/12/5,4455,4710,4455,4710,1188727
2019/12/6,4750,4755,4620,4690,818073
2019/12/9,4760,4875,4740,4820,907647
2019/12/10,4775,4780,4665,4675,738960
2019/12/11,4705,4715,4660,4680,407179
2019/12/12,4720,4805,4690,4805,731961
2019/12/13,4890,4890,4805,4840,753281
2019/12/16,4840,4875,4810,4835,4128
2019/12/17,4880,5045,4880,5040,1075434
2019/12/18,5000,5040,4980,5040,729252
2019/12/19,5070,5200,5005,5060,1044441
2019/12/20,5125,5130,5015,5030,608636
2019/12/23,5050,5090,4860,4870,716328
2019/12/24,4870,4940,4870,4870,217611
2019/12/25,4900,4915,4870,4900,105027
2019/12/26,4950,4970,4920,4940,194205
2019/12/27,4965,5010,4950,4995,296288
2019/12/30,5020,5035,4960,4965,320527
2019/12/31,4970,5015,4960,5000,219470
2020/1/2,5055,5090,5015,5030,398147
2020/1/3,5105,5155,4875,4880,892399
2020/1/6,4780,4865,4680,4695,1276386
2020/1/7,4740,4785,4640,4740,846521
2020/1/8,4700,4820,4670,4785,510126
2020/1/9,4870,4880,4815,4865,472955
2020/1/10,4975,5085,4935,5065,1085357
2020/1/13,5150,5165,4990,5050,700625
2020/1/14,5110,5210,5095,5180,795226
2020/1/15,5130,5145,4980,4985,858682
2020/1/16,4965,5040,4895,5015,731534
2020/1/17,5055,5075,4970,4985,434186
2020/1/20,5000,5015,4965,4975,379325
2020/1/30,4825,4935,4665,4710,1222512
2020/1/31,4810,4830,4755,4805,537153
2020/2/3,4635,4700,4550,4700,692133
2020/2/4,4840,4870,4835,4835,1111412
2020/2/5,4900,4910,4785,4830,764926
2020/2/6,4800,4855,4725,4845,637861
2020/2/7,4780,4800,4715,4755,518735
2020/2/10,4630,4750,4575,4750,707517
2020/2/11,4720,4755,4690,4690,497406
2020/2/12,4700,4840,4700,4840,483132
2020/2/13,4855,4920,4810,4820,410633
2020/2/14,4820,4875,4810,4820,303335
2020/2/17,4800,4845,4750,4845,404355
2020/2/18,4750,4760,4630,4630,709696
2020/2/19,4675,4760,4635,4725,522860
2020/2/20,4780,4795,4685,4690,325278
2020/2/21,4700,4765,4670,4740,376714
2020/2/24,4640,4685,4595,4610,577713
2020/2/25,4580,4650,4570,4630,492128
2020/2/26,4575,4650,4540,4580,689395
2020/2/27,4600,4625,4430,4430,869817
2020/3/2,4400,4465,4365,4380,803494
2020/3/3,4555,4625,4550,4580,823643
2020/3/4,4605,4615,4510,4530,575862
2020/3/5,4620,4630,4595,4600,346933
2020/3/6,4585,4620,4565,4565,457817
2020/3/9,4480,4495,4400,4405,613727
2020/3/10,4365,4530,4340,4490,691738
2020/3/11,4500,4555,4385,4385,658782
2020/3/12,4170,4190,3970,3980,1583912
2020/3/13,3620,4060,3620,4060,1581714
2020/3/16,3985,4020,3710,3725,1176019
2020/3/17,3700,3850,3650,3735,1191306
2020/3/18,3760,3815,3600,3600,1088034
2020/3/19,3600,3645,3240,3250,2293653
2020/3/20,3570,3575,3420,3575,1515998
2020/3/23,3400,3630,3350,3450,1037319
2020/3/24,3640,3780,3600,3665,952309
2020/3/25,3890,3980,3850,3890,1123756
2020/3/26,3925,3995,3770,3995,869893
2020/3/27,4100,4170,3870,3870,891738
2020/3/30,3775,3810,3710,3785,803308
2020/3/31,3870,3895,3810,3830,786722
2020/4/1,3830,3840,3760,3760,501854
2020/4/6,3880,3885,3800,3860,629040
2020/4/7,3975,3990,3890,3890,580956
2020/4/8,3900,3950,3890,3950,345706
2020/4/9,3955,3995,3780,3800,954202
2020/4/10,3800,3800,3670,3685,1160077
2020/4/13,3665,3735,3655,3685,605191
2020/4/14,3740,3835,3725,3815,705331
2020/4/15,3835,3860,3780,3800,652432
2020/4/16,3750,3810,3725,3725,626613
2020/4/17,3850,3870,3785,3850,1461529
2020/4/20,3880,3895,3820,3885,573302
2020/4/21,3855,3860,3700,3700,949112
2020/4/22,3700,3730,3620,3680,586134
2020/4/23,3770,3775,3705,3740,577083
2020/4/24,3740,3760,3680,3740,405712
2020/4/27,3810,3860,3785,3860,582386
2020/4/28,3910,3910,3835,3860,620553
2020/4/29,3880,3975,3860,3940,1035377
2020/4/30,4000,4120,3985,4110,1130697
2020/5/4,3915,3950,3870,3875,1053296
2020/5/5,3930,3990,3910,3960,583392
2020/5/6,3905,4075,3875,4075,784766
2020/5/7,4095,4150,4055,4070,536919
2020/5/8,4180,4325,4135,4225,1336008
2020/5/11,4265,4285,4190,4200,611528
2020/5/12,4160,4180,4085,4110,441878
2020/5/13,4070,4195,4040,4195,544031
2020/5/14,4165,4195,4100,4110,439232
2020/5/15,4150,4190,4060,4065,605343
2020/5/18,3940,3990,3860,3860,1076643
2020/5/19,3930,3945,3845,3845,842449
2020/5/20,3850,3935,3850,3870,498613
2020/5/21,3920,3955,3905,3930,419661
2020/5/22,3910,3930,3820,3840,512239
2020/5/25,3880,3880,3770,3835,415062
2020/5/26,3885,3935,3875,3925,535716
2020/5/27,3940,3940,3860,3880,569648
2020/5/28,3935,3935,3820,3830,431477
2020/5/29,3840,3855,3805,3835,669334
2020/6/1,3880,4070,3865,4065,1126489
2020/6/2,4095,4205,4060,4085,994554
2020/6/3,4200,4300,4185,4270,1161133
2020/6/4,4320,4330,4230,4240,553383
2020/6/5,4345,4345,4245,4270,602101
2020/6/8,4330,4445,4290,4420,1141735
2020/6/9,4425,4445,4365,4390,570524
2020/6/10,4415,4455,4380,4400,530291
2020/6/11,4370,4370,4205,4210,913258
2020/6/12,4085,4180,4080,4140,755756
2020/6/15,4150,4180,4100,4120,472860
2020/6/16,4245,4280,4185,4195,522177
2020/6/17,4245,4255,4155,4160,429035
2020/6/18,4170,4170,4015,4050,1160737
2020/6/19,4060,4100,4025,4055,868969
2020/6/22,4070,4075,3990,4020,621089
2020/6/23,4095,4110,4000,4010,773527
2020/6/24,4050,4070,3990,4010,845716
2020/6/29,4020,4050,3940,3940,1181513
2020/6/30,4010,4085,3995,4085,1036663
2020/7/1,4135,4245,4125,4200,929311
2020/7/2,4280,4310,4230,4245,694228
2020/7/3,4295,4330,4250,4325,805974
2020/7/6,4420,4435,4315,4410,1211247
2020/7/7,4440,4450,4355,4405,1011784
2020/7/8,4410,4410,4350,4355,833870
2020/7/9,4405,4475,4405,4430,853426
2020/7/10,4075,4140,4000,4010,2837667
2020/7/13,4050,4050,3960,3960,1009902
2020/7/14,3955,4030,3925,4020,700052
2020/7/15,4085,4095,4010,4015,596590
2020/7/16,4050,4055,3990,4000,417238
2020/7/17,4040,4050,3995,3995,275519
2020/7/20,4005,4030,3980,4010,300239
2020/7/21,4040,4095,4040,4090,526014
2020/7/22,4095,4135,4025,4045,524628
2020/7/23,4045,4050,3850,3875,1693474
2020/7/24,3865,3870,3790,3800,1306798
2020/7/27,3840,3850,3790,3815,630838
2020/7/28,3835,3960,3830,3910,855590
2020/7/29,3950,3955,3835,3850,619213
2020/7/30,3885,3885,3810,3825,411035
2020/7/31,3845,3875,3825,3825,409393
2020/8/3,3850,3865,3800,3800,736985
2020/8/4,3830,3855,3805,3815,423336
2020/8/5,3850,3895,3815,3895,457541
2020/8/6,4130,4200,4080,4160,2064091
2020/8/7,4180,4185,4035,4035,794378
2020/8/10,4060,4075,3960,4000,941353
2020/8/11,3925,3960,3880,3885,619332
2020/8/12,3885,3930,3870,3900,396238
2020/8/13,3930,3955,3850,3850,555788
2020/8/14,3850,3875,3810,3855,205718
2020/8/17,3835,3915,3835,3900,363235
2020/8/18,3860,3875,3705,3715,1370659
2020/8/19,3730,3775,3705,3725,522976
2020/8/20,3715,3720,3420,3560,1677704
2020/8/21,3600,3630,3540,3545,1153004
2020/8/24,3545,3610,3510,3605,553404
2020/8/25,3615,3640,3560,3575,731705
2020/8/26,3590,3590,3535,3535,574355
2020/8/27,3550,3555,3460,3460,1066875
2020/8/28,3450,3450,3390,3420,1178426
2020/8/31,3460,3470,3370,3385,954950
2020/9/1,3400,3545,3385,3525,1020656
2020/9/2,3595,3665,3565,3650,1082746
2020/9/3,3680,3725,3640,3695,801965
2020/9/4,3575,3655,3550,3655,733080
2020/9/7,3660,3710,3560,3560,685157
2020/9/8,3560,3580,3515,3540,583860
2020/9/9,3490,3515,3405,3505,704240
2020/9/10,3545,3575,3495,3500,441356
2020/9/11,3500,3525,3470,3500,350197
2020/9/14,3520,3670,3520,3655,617093
2020/9/15,3660,3690,3645,3655,462769
2020/9/16,3675,3690,3560,3560,656488
2020/9/17,3535,3600,3500,3500,1019197
2020/9/18,3505,3515,3485,3490,516986
2020/9/21,3530,3545,3485,3495,437599
2020/9/22,3495,3495,3450,3460,440192
2020/9/23,3450,3490,3435,3470,582094
2020/9/24,3420,3490,3420,3425,696485
2020/9/25,3465,3470,3330,3355,709759
2020/9/28,3375,3400,3330,3365,393761
2020/9/29,3400,3400,3340,3345,361998
2020/9/30,3360,3405,3350,3360,683408
2020/10/5,3400,3400,3275,3295,843563
2020/10/6,3280,3290,3205,3220,1267714
2020/10/7,3220,3280,3210,3220,1219866
2020/10/8,3250,3415,3240,3380,1377452
2020/10/12,3195,3215,3065,3090,2296972
2020/10/13,3050,3055,2950,2970,2207530
2020/10/14,2950,3010,2945,2950,2049216
2020/10/15,2985,3025,2950,2955,1072327
2020/10/16,2970,3020,2960,2965,1057729
2020/10/19,3020,3110,3010,3085,1420823
2020/10/20,3100,3100,3065,3090,589895
2020/10/21,3120,3180,3120,3145,826788
2020/10/22,3150,3155,3100,3140,519755
2020/10/23,3195,3210,3155,3180,803423
2020/10/26,3205,3215,3165,3195,466618
2020/10/27,3160,3180,3145,3165,333072
2020/10/28,3150,3165,3095,3100,441584
2020/10/29,3050,3065,3025,3035,644012
2020/10/30,3030,3060,3005,3025,651547
